Edad;Sexo;Comunidades y Ciudades Autónomas;Periodo
De 16 a 19 años;Hombres;Andalucía;202201
De 16 a 19 años;Hombres;Andalucía;202202
De 16 a 19 años;Hombres;Andalucía;202203
De 16 a 19 años;Hombres;Andalucía;202204
De 16 a 19 años;Hombres;Andalucía;202301
De 16 a 19 años;Hombres;Andalucía;202302
De 16 a 19 años;Hombres;Andalucía;202303
De 16 a 19 años;Hombres;Andalucía;202304
De 16 a 19 años;Mujeres;Andalucía;202201
De 16 a 19 años;Mujeres;Andalucía;202202
De 16 a 19 años;Mujeres;Andalucía;202203
De 16 a 19 años;Mujeres;Andalucía;202204
De 16 a 19 años;Mujeres;Andalucía;202301
De 16 a 19 años;Mujeres;Andalucía;202302
De 16 a 19 años;Mujeres;Andalucía;202303
De 16 a 19 años;Mujeres;Andalucía;202304
De 20 a 24 años;Hombres;Andalucía;202201
De 20 a 24 años;Hombres;Andalucía;202202
De 20 a 24 años;Hombres;Andalucía;202203
De 20 a 24 años;Hombres;Andalucía;202204
De 20 a 24 años;Hombres;Andalucía;202301
De 20 a 24 años;Hombres;Andalucía;202302
De 20 a 24 años;Hombres;Andalucía;202303
De 20 a 24 años;Hombres;Andalucía;202304
De 20 a 24 años;Mujeres;Andalucía;202201
De 20 a 24 años;Mujeres;Andalucía;202202
De 20 a 24 años;Mujeres;Andalucía;202203
De 20 a 24 años;Mujeres;Andalucía;202204
De 20 a 24 años;Mujeres;Andalucía;202301
De 20 a 24 años;Mujeres;Andalucía;202302
De 20 a 24 años;Mujeres;Andalucía;202303
De 20 a 24 años;Mujeres;Andalucía;202304
De 25 a 34 años;Hombres;Andalucía;202201
De 25 a 34 años;Hombres;Andalucía;202202
De 25 a 34 años;Hombres;Andalucía;202203
De 25 a 34 años;Hombres;Andalucía;202204
De 25 a 34 años;Hombres;Andalucía;202301
De 25 a 34 años;Hombres;Andalucía;202302
De 25 a 34 años;Hombres;Andalucía;202303
De 25 a 34 años;Hombres;Andalucía;202304
De 25 a 34 años;Mujeres;Andalucía;202201
De 25 a 34 años;Mujeres;Andalucía;202202
De 25 a 34 años;Mujeres;Andalucía;202203
De 25 a 34 años;Mujeres;Andalucía;202204
De 25 a 34 años;Mujeres;Andalucía;202301
De 25 a 34 años;Mujeres;Andalucía;202302
De 25 a 34 años;Mujeres;Andalucía;202303
De 25 a 34 años;Mujeres;Andalucía;202304
De 35 a 44 años;Hombres;Andalucía;202201
De 35 a 44 años;Hombres;Andalucía;202202
De 35 a 44 años;Hombres;Andalucía;202203
De 35 a 44 años;Hombres;Andalucía;202204
De 35 a 44 años;Hombres;Andalucía;202301
De 35 a 44 años;Hombres;Andalucía;202302
De 35 a 44 años;Hombres;Andalucía;202303
De 35 a 44 años;Hombres;Andalucía;202304
De 35 a 44 años;Mujeres;Andalucía;202201
De 35 a 44 años;Mujeres;Andalucía;202202
De 35 a 44 años;Mujeres;Andalucía;202203
De 35 a 44 años;Mujeres;Andalucía;202204
De 35 a 44 años;Mujeres;Andalucía;202301
De 35 a 44 años;Mujeres;Andalucía;202302
De 35 a 44 años;Mujeres;Andalucía;202303
De 35 a 44 años;Mujeres;Andalucía;202304
De 45 a 54 años;Hombres;Andalucía;202201
De 45 a 54 años;Hombres;Andalucía;202202
De 45 a 54 años;Hombres;Andalucía;202203
De 45 a 54 años;Hombres;Andalucía;202204
De 45 a 54 años;Hombres;Andalucía;202301
De 45 a 54 años;Hombres;Andalucía;202302
De 45 a 54 años;Hombres;Andalucía;202303
De 45 a 54 años;Hombres;Andalucía;202304
De 45 a 54 años;Mujeres;Andalucía;202201
De 45 a 54 años;Mujeres;Andalucía;202202
De 45 a 54 años;Mujeres;Andalucía;202203
De 45 a 54 años;Mujeres;Andalucía;202204
De 45 a 54 años;Mujeres;Andalucía;202301
De 45 a 54 años;Mujeres;Andalucía;202302
De 45 a 54 años;Mujeres;Andalucía;202303
De 45 a 54 años;Mujeres;Andalucía;202304
55 y más años;Hombres;Andalucía;202201
55 y más años;Hombres;Andalucía;202202
55 y más años;Hombres;Andalucía;202203
55 y más años;Hombres;Andalucía;202204
55 y más años;Hombres;Andalucía;202301
55 y más años;Hombres;Andalucía;202302
55 y más años;Hombres;Andalucía;202303
55 y más años;Hombres;Andalucía;202304
55 y más años;Mujeres;Andalucía;202201
55 y más años;Mujeres;Andalucía;202202
55 y más años;Mujeres;Andalucía;202203
55 y más años;Mujeres;Andalucía;202204
55 y más años;Mujeres;Andalucía;202301
55 y más años;Mujeres;Andalucía;202302
55 y más años;Mujeres;Andalucía;202303
55 y más años;Mujeres;Andalucía;202304
De 16 a 19 años;Hombres;Aragón;202201
De 16 a 19 años;Hombres;Aragón;202202
De 16 a 19 años;Hombres;Aragón;202203
De 16 a 19 años;Hombres;Aragón;202204
De 16 a 19 años;Hombres;Aragón;202301
De 16 a 19 años;Hombres;Aragón;202302
De 16 a 19 años;Hombres;Aragón;202303
De 16 a 19 años;Hombres;Aragón;202304
De 16 a 19 años;Mujeres;Aragón;202201
De 16 a 19 años;Mujeres;Aragón;202202
De 16 a 19 años;Mujeres;Aragón;202203
De 16 a 19 años;Mujeres;Aragón;202204
De 16 a 19 años;Mujeres;Aragón;202301
De 16 a 19 años;Mujeres;Aragón;202302
De 16 a 19 años;Mujeres;Aragón;202303
De 16 a 19 años;Mujeres;Aragón;202304
De 20 a 24 años;Hombres;Aragón;202201
De 20 a 24 años;Hombres;Aragón;202202
De 20 a 24 años;Hombres;Aragón;202203
De 20 a 24 años;Hombres;Aragón;202204
De 20 a 24 años;Hombres;Aragón;202301
De 20 a 24 años;Hombres;Aragón;202302
De 20 a 24 años;Hombres;Aragón;202303
De 20 a 24 años;Hombres;Aragón;202304
De 20 a 24 años;Mujeres;Aragón;202201
De 20 a 24 años;Mujeres;Aragón;202202
De 20 a 24 años;Mujeres;Aragón;202203
De 20 a 24 años;Mujeres;Aragón;202204
De 20 a 24 años;Mujeres;Aragón;202301
De 20 a 24 años;Mujeres;Aragón;202302
De 20 a 24 años;Mujeres;Aragón;202303
De 20 a 24 años;Mujeres;Aragón;202304
De 25 a 34 años;Hombres;Aragón;202201
De 25 a 34 años;Hombres;Aragón;202202
De 25 a 34 años;Hombres;Aragón;202203
De 25 a 34 años;Hombres;Aragón;202204
De 25 a 34 años;Hombres;Aragón;202301
De 25 a 34 años;Hombres;Aragón;202302
De 25 a 34 años;Hombres;Aragón;202303
De 25 a 34 años;Hombres;Aragón;202304
De 25 a 34 años;Mujeres;Aragón;202201
De 25 a 34 años;Mujeres;Aragón;202202
De 25 a 34 años;Mujeres;Aragón;202203
De 25 a 34 años;Mujeres;Aragón;202204
De 25 a 34 años;Mujeres;Aragón;202301
De 25 a 34 años;Mujeres;Aragón;202302
De 25 a 34 años;Mujeres;Aragón;202303
De 25 a 34 años;Mujeres;Aragón;202304
De 35 a 44 años;Hombres;Aragón;202201
De 35 a 44 años;Hombres;Aragón;202202
De 35 a 44 años;Hombres;Aragón;202203
De 35 a 44 años;Hombres;Aragón;202204
De 35 a 44 años;Hombres;Aragón;202301
De 35 a 44 años;Hombres;Aragón;202302
De 35 a 44 años;Hombres;Aragón;202303
De 35 a 44 años;Hombres;Aragón;202304
De 35 a 44 años;Mujeres;Aragón;202201
De 35 a 44 años;Mujeres;Aragón;202202
De 35 a 44 años;Mujeres;Aragón;202203
De 35 a 44 años;Mujeres;Aragón;202204
De 35 a 44 años;Mujeres;Aragón;202301
De 35 a 44 años;Mujeres;Aragón;202302
De 35 a 44 años;Mujeres;Aragón;202303
De 35 a 44 años;Mujeres;Aragón;202304
De 45 a 54 años;Hombres;Aragón;202201
De 45 a 54 años;Hombres;Aragón;202202
De 45 a 54 años;Hombres;Aragón;202203
De 45 a 54 años;Hombres;Aragón;202204
De 45 a 54 años;Hombres;Aragón;202301
De 45 a 54 años;Hombres;Aragón;202302
De 45 a 54 años;Hombres;Aragón;202303
De 45 a 54 años;Hombres;Aragón;202304
De 45 a 54 años;Mujeres;Aragón;202201
De 45 a 54 años;Mujeres;Aragón;202202
De 45 a 54 años;Mujeres;Aragón;202203
De 45 a 54 años;Mujeres;Aragón;202204
De 45 a 54 años;Mujeres;Aragón;202301
De 45 a 54 años;Mujeres;Aragón;202302
De 45 a 54 años;Mujeres;Aragón;202303
De 45 a 54 años;Mujeres;Aragón;202304
55 y más años;Hombres;Aragón;202201
55 y más años;Hombres;Aragón;202202
55 y más años;Hombres;Aragón;202203
55 y más años;Hombres;Aragón;202204
55 y más años;Hombres;Aragón;202301
55 y más años;Hombres;Aragón;202302
55 y más años;Hombres;Aragón;202303
55 y más años;Hombres;Aragón;202304
55 y más años;Mujeres;Aragón;202201
55 y más años;Mujeres;Aragón;202202
55 y más años;Mujeres;Aragón;202203
55 y más años;Mujeres;Aragón;202204
55 y más años;Mujeres;Aragón;202301
55 y más años;Mujeres;Aragón;202302
55 y más años;Mujeres;Aragón;202303
55 y más años;Mujeres;Aragón;202304
De 16 a 19 años;Hombres;Asturias, Principado de;202201
De 16 a 19 años;Hombres;Asturias, Principado de;202202
De 16 a 19 años;Hombres;Asturias, Principado de;202203
De 16 a 19 años;Hombres;Asturias, Principado de;202204
De 16 a 19 años;Hombres;Asturias, Principado de;202301
De 16 a 19 años;Hombres;Asturias, Principado de;202302
De 16 a 19 años;Hombres;Asturias, Principado de;202303
De 16 a 19 años;Hombres;Asturias, Principado de;202304
De 16 a 19 años;Mujeres;Asturias, Principado de;202201
De 16 a 19 años;Mujeres;Asturias, Principado de;202202
De 16 a 19 años;Mujeres;Asturias, Principado de;202203
De 16 a 19 años;Mujeres;Asturias, Principado de;202204
De 16 a 19 años;Mujeres;Asturias, Principado de;202301
De 16 a 19 años;Mujeres;Asturias, Principado de;202302
De 16 a 19 años;Mujeres;Asturias, Principado de;202303
De 16 a 19 años;Mujeres;Asturias, Principado de;202304
De 20 a 24 años;Hombres;Asturias, Principado de;202201
De 20 a 24 años;Hombres;Asturias, Principado de;202202
De 20 a 24 años;Hombres;Asturias, Principado de;202203
De 20 a 24 años;Hombres;Asturias, Principado de;202204
De 20 a 24 años;Hombres;Asturias, Principado de;202301
De 20 a 24 años;Hombres;Asturias, Principado de;202302
De 20 a 24 años;Hombres;Asturias, Principado de;202303
De 20 a 24 años;Hombres;Asturias, Principado de;202304
De 20 a 24 años;Mujeres;Asturias, Principado de;202201
De 20 a 24 años;Mujeres;Asturias, Principado de;202202
De 20 a 24 años;Mujeres;Asturias, Principado de;202203
De 20 a 24 años;Mujeres;Asturias, Principado de;202204
De 20 a 24 años;Mujeres;Asturias, Principado de;202301
De 20 a 24 años;Mujeres;Asturias, Principado de;202302
De 20 a 24 años;Mujeres;Asturias, Principado de;202303
De 20 a 24 años;Mujeres;Asturias, Principado de;202304
De 25 a 34 años;Hombres;Asturias, Principado de;202201
De 25 a 34 años;Hombres;Asturias, Principado de;202202
De 25 a 34 años;Hombres;Asturias, Principado de;202203
De 25 a 34 años;Hombres;Asturias, Principado de;202204
De 25 a 34 años;Hombres;Asturias, Principado de;202301
De 25 a 34 años;Hombres;Asturias, Principado de;202302
De 25 a 34 años;Hombres;Asturias, Principado de;202303
De 25 a 34 años;Hombres;Asturias, Principado de;202304
De 25 a 34 años;Mujeres;Asturias, Principado de;202201
De 25 a 34 años;Mujeres;Asturias, Principado de;202202
De 25 a 34 años;Mujeres;Asturias, Principado de;202203
De 25 a 34 años;Mujeres;Asturias, Principado de;202204
De 25 a 34 años;Mujeres;Asturias, Principado de;202301
De 25 a 34 años;Mujeres;Asturias, Principado de;202302
De 25 a 34 años;Mujeres;Asturias, Principado de;202303
De 25 a 34 años;Mujeres;Asturias, Principado de;202304
De 35 a 44 años;Hombres;Asturias, Principado de;202201
De 35 a 44 años;Hombres;Asturias, Principado de;202202
De 35 a 44 años;Hombres;Asturias, Principado de;202203
De 35 a 44 años;Hombres;Asturias, Principado de;202204
De 35 a 44 años;Hombres;Asturias, Principado de;202301
De 35 a 44 años;Hombres;Asturias, Principado de;202302
De 35 a 44 años;Hombres;Asturias, Principado de;202303
De 35 a 44 años;Hombres;Asturias, Principado de;202304
De 35 a 44 años;Mujeres;Asturias, Principado de;202201
De 35 a 44 años;Mujeres;Asturias, Principado de;202202
De 35 a 44 años;Mujeres;Asturias, Principado de;202203
De 35 a 44 años;Mujeres;Asturias, Principado de;202204
De 35 a 44 años;Mujeres;Asturias, Principado de;202301
De 35 a 44 años;Mujeres;Asturias, Principado de;202302
De 35 a 44 años;Mujeres;Asturias, Principado de;202303
De 35 a 44 años;Mujeres;Asturias, Principado de;202304
De 45 a 54 años;Hombres;Asturias, Principado de;202201
De 45 a 54 años;Hombres;Asturias, Principado de;202202
De 45 a 54 años;Hombres;Asturias, Principado de;202203
De 45 a 54 años;Hombres;Asturias, Principado de;202204
De 45 a 54 años;Hombres;Asturias, Principado de;202301
De 45 a 54 años;Hombres;Asturias, Principado de;202302
De 45 a 54 años;Hombres;Asturias, Principado de;202303
De 45 a 54 años;Hombres;Asturias, Principado de;202304
De 45 a 54 años;Mujeres;Asturias, Principado de;202201
De 45 a 54 años;Mujeres;Asturias, Principado de;202202
De 45 a 54 años;Mujeres;Asturias, Principado de;202203
De 45 a 54 años;Mujeres;Asturias, Principado de;202204
De 45 a 54 años;Mujeres;Asturias, Principado de;202301
De 45 a 54 años;Mujeres;Asturias, Principado de;202302
De 45 a 54 años;Mujeres;Asturias, Principado de;202303
De 45 a 54 años;Mujeres;Asturias, Principado de;202304
55 y más años;Hombres;Asturias, Principado de;202201
55 y más años;Hombres;Asturias, Principado de;202202
55 y más años;Hombres;Asturias, Principado de;202203
55 y más años;Hombres;Asturias, Principado de;202204
55 y más años;Hombres;Asturias, Principado de;202301
55 y más años;Hombres;Asturias, Principado de;202302
55 y más años;Hombres;Asturias, Principado de;202303
55 y más años;Hombres;Asturias, Principado de;202304
55 y más años;Mujeres;Asturias, Principado de;202201
55 y más años;Mujeres;Asturias, Principado de;202202
55 y más años;Mujeres;Asturias, Principado de;202203
55 y más años;Mujeres;Asturias, Principado de;202204
55 y más años;Mujeres;Asturias, Principado de;202301
55 y más años;Mujeres;Asturias, Principado de;202302
55 y más años;Mujeres;Asturias, Principado de;202303
55 y más años;Mujeres;Asturias, Principado de;202304
De 16 a 19 años;Hombres;Canarias;202201
De 16 a 19 años;Hombres;Canarias;202202
De 16 a 19 años;Hombres;Canarias;202203
De 16 a 19 años;Hombres;Canarias;202204
De 16 a 19 años;Hombres;Canarias;202301
De 16 a 19 años;Hombres;Canarias;202302
De 16 a 19 años;Hombres;Canarias;202303
De 16 a 19 años;Hombres;Canarias;202304
De 16 a 19 años;Mujeres;Canarias;202201
De 16 a 19 años;Mujeres;Canarias;202202
De 16 a 19 años;Mujeres;Canarias;202203
De 16 a 19 años;Mujeres;Canarias;202204
De 16 a 19 años;Mujeres;Canarias;202301
De 16 a 19 años;Mujeres;Canarias;202302
De 16 a 19 años;Mujeres;Canarias;202303
De 16 a 19 años;Mujeres;Canarias;202304
De 20 a 24 años;Hombres;Canarias;202201
De 20 a 24 años;Hombres;Canarias;202202
De 20 a 24 años;Hombres;Canarias;202203
De 20 a 24 años;Hombres;Canarias;202204
De 20 a 24 años;Hombres;Canarias;202301
De 20 a 24 años;Hombres;Canarias;202302
De 20 a 24 años;Hombres;Canarias;202303
De 20 a 24 años;Hombres;Canarias;202304
De 20 a 24 años;Mujeres;Canarias;202201
De 20 a 24 años;Mujeres;Canarias;202202
De 20 a 24 años;Mujeres;Canarias;202203
De 20 a 24 años;Mujeres;Canarias;202204
De 20 a 24 años;Mujeres;Canarias;202301
De 20 a 24 años;Mujeres;Canarias;202302
De 20 a 24 años;Mujeres;Canarias;202303
De 20 a 24 años;Mujeres;Canarias;202304
De 25 a 34 años;Hombres;Canarias;202201
De 25 a 34 años;Hombres;Canarias;202202
De 25 a 34 años;Hombres;Canarias;202203
De 25 a 34 años;Hombres;Canarias;202204
De 25 a 34 años;Hombres;Canarias;202301
De 25 a 34 años;Hombres;Canarias;202302
De 25 a 34 años;Hombres;Canarias;202303
De 25 a 34 años;Hombres;Canarias;202304
De 25 a 34 años;Mujeres;Canarias;202201
De 25 a 34 años;Mujeres;Canarias;202202
De 25 a 34 años;Mujeres;Canarias;202203
De 25 a 34 años;Mujeres;Canarias;202204
De 25 a 34 años;Mujeres;Canarias;202301
De 25 a 34 años;Mujeres;Canarias;202302
De 25 a 34 años;Mujeres;Canarias;202303
De 25 a 34 años;Mujeres;Canarias;202304
De 35 a 44 años;Hombres;Canarias;202201
De 35 a 44 años;Hombres;Canarias;202202
De 35 a 44 años;Hombres;Canarias;202203
De 35 a 44 años;Hombres;Canarias;202204
De 35 a 44 años;Hombres;Canarias;202301
De 35 a 44 años;Hombres;Canarias;202302
De 35 a 44 años;Hombres;Canarias;202303
De 35 a 44 años;Hombres;Canarias;202304
De 35 a 44 años;Mujeres;Canarias;202201
De 35 a 44 años;Mujeres;Canarias;202202
De 35 a 44 años;Mujeres;Canarias;202203
De 35 a 44 años;Mujeres;Canarias;202204
De 35 a 44 años;Mujeres;Canarias;202301
De 35 a 44 años;Mujeres;Canarias;202302
De 35 a 44 años;Mujeres;Canarias;202303
De 35 a 44 años;Mujeres;Canarias;202304
De 45 a 54 años;Hombres;Canarias;202201
De 45 a 54 años;Hombres;Canarias;202202
De 45 a 54 años;Hombres;Canarias;202203
De 45 a 54 años;Hombres;Canarias;202204
De 45 a 54 años;Hombres;Canarias;202301
De 45 a 54 años;Hombres;Canarias;202302
De 45 a 54 años;Hombres;Canarias;202303
De 45 a 54 años;Hombres;Canarias;202304
De 45 a 54 años;Mujeres;Canarias;202201
De 45 a 54 años;Mujeres;Canarias;202202
De 45 a 54 años;Mujeres;Canarias;202203
De 45 a 54 años;Mujeres;Canarias;202204
De 45 a 54 años;Mujeres;Canarias;202301
De 45 a 54 años;Mujeres;Canarias;202302
De 45 a 54 años;Mujeres;Canarias;202303
De 45 a 54 años;Mujeres;Canarias;202304
55 y más años;Hombres;Canarias;202201
55 y más años;Hombres;Canarias;202202
55 y más años;Hombres;Canarias;202203
55 y más años;Hombres;Canarias;202204
55 y más años;Hombres;Canarias;202301
55 y más años;Hombres;Canarias;202302
55 y más años;Hombres;Canarias;202303
55 y más años;Hombres;Canarias;202304
55 y más años;Mujeres;Canarias;202201
55 y más años;Mujeres;Canarias;202202
55 y más años;Mujeres;Canarias;202203
55 y más años;Mujeres;Canarias;202204
55 y más años;Mujeres;Canarias;202301
55 y más años;Mujeres;Canarias;202302
55 y más años;Mujeres;Canarias;202303
55 y más años;Mujeres;Canarias;202304
De 16 a 19 años;Hombres;Cantabria;202201
De 16 a 19 años;Hombres;Cantabria;202202
De 16 a 19 años;Hombres;Cantabria;202203
De 16 a 19 años;Hombres;Cantabria;202204
De 16 a 19 años;Hombres;Cantabria;202301
De 16 a 19 años;Hombres;Cantabria;202302
De 16 a 19 años;Hombres;Cantabria;202303
De 16 a 19 años;Hombres;Cantabria;202304
De 16 a 19 años;Mujeres;Cantabria;202201
De 16 a 19 años;Mujeres;Cantabria;202202
De 16 a 19 años;Mujeres;Cantabria;202203
De 16 a 19 años;Mujeres;Cantabria;202204
De 16 a 19 años;Mujeres;Cantabria;202301
De 16 a 19 años;Mujeres;Cantabria;202302
De 16 a 19 años;Mujeres;Cantabria;202303
De 16 a 19 años;Mujeres;Cantabria;202304
De 20 a 24 años;Hombres;Cantabria;202201
De 20 a 24 años;Hombres;Cantabria;202202
De 20 a 24 años;Hombres;Cantabria;202203
De 20 a 24 años;Hombres;Cantabria;202204
De 20 a 24 años;Hombres;Cantabria;202301
De 20 a 24 años;Hombres;Cantabria;202302
De 20 a 24 años;Hombres;Cantabria;202303
De 20 a 24 años;Hombres;Cantabria;202304
De 20 a 24 años;Mujeres;Cantabria;202201
De 20 a 24 años;Mujeres;Cantabria;202202
De 20 a 24 años;Mujeres;Cantabria;202203
De 20 a 24 años;Mujeres;Cantabria;202204
De 20 a 24 años;Mujeres;Cantabria;202301
De 20 a 24 años;Mujeres;Cantabria;202302
De 20 a 24 años;Mujeres;Cantabria;202303
De 20 a 24 años;Mujeres;Cantabria;202304
De 25 a 34 años;Hombres;Cantabria;202201
De 25 a 34 años;Hombres;Cantabria;202202
De 25 a 34 años;Hombres;Cantabria;202203
De 25 a 34 años;Hombres;Cantabria;202204
De 25 a 34 años;Hombres;Cantabria;202301
De 25 a 34 años;Hombres;Cantabria;202302
De 25 a 34 años;Hombres;Cantabria;202303
De 25 a 34 años;Hombres;Cantabria;202304
De 25 a 34 años;Mujeres;Cantabria;202201
De 25 a 34 años;Mujeres;Cantabria;202202
De 25 a 34 años;Mujeres;Cantabria;202203
De 25 a 34 años;Mujeres;Cantabria;202204
De 25 a 34 años;Mujeres;Cantabria;202301
De 25 a 34 años;Mujeres;Cantabria;202302
De 25 a 34 años;Mujeres;Cantabria;202303
De 25 a 34 años;Mujeres;Cantabria;202304
De 35 a 44 años;Hombres;Cantabria;202201
De 35 a 44 años;Hombres;Cantabria;202202
De 35 a 44 años;Hombres;Cantabria;202203
De 35 a 44 años;Hombres;Cantabria;202204
De 35 a 44 años;Hombres;Cantabria;202301
De 35 a 44 años;Hombres;Cantabria;202302
De 35 a 44 años;Hombres;Cantabria;202303
De 35 a 44 años;Hombres;Cantabria;202304
De 35 a 44 años;Mujeres;Cantabria;202201
De 35 a 44 años;Mujeres;Cantabria;202202
De 35 a 44 años;Mujeres;Cantabria;202203
De 35 a 44 años;Mujeres;Cantabria;202204
De 35 a 44 años;Mujeres;Cantabria;202301
De 35 a 44 años;Mujeres;Cantabria;202302
De 35 a 44 años;Mujeres;Cantabria;202303
De 35 a 44 años;Mujeres;Cantabria;202304
De 45 a 54 años;Hombres;Cantabria;202201
De 45 a 54 años;Hombres;Cantabria;202202
De 45 a 54 años;Hombres;Cantabria;202203
De 45 a 54 años;Hombres;Cantabria;202204
De 45 a 54 años;Hombres;Cantabria;202301
De 45 a 54 años;Hombres;Cantabria;202302
De 45 a 54 años;Hombres;Cantabria;202303
De 45 a 54 años;Hombres;Cantabria;202304
De 45 a 54 años;Mujeres;Cantabria;202201
De 45 a 54 años;Mujeres;Cantabria;202202
De 45 a 54 años;Mujeres;Cantabria;202203
De 45 a 54 años;Mujeres;Cantabria;202204
De 45 a 54 años;Mujeres;Cantabria;202301
De 45 a 54 años;Mujeres;Cantabria;202302
De 45 a 54 años;Mujeres;Cantabria;202303
De 45 a 54 años;Mujeres;Cantabria;202304
55 y más años;Hombres;Cantabria;202201
55 y más años;Hombres;Cantabria;202202
55 y más años;Hombres;Cantabria;202203
55 y más años;Hombres;Cantabria;202204
55 y más años;Hombres;Cantabria;202301
55 y más años;Hombres;Cantabria;202302
55 y más años;Hombres;Cantabria;202303
55 y más años;Hombres;Cantabria;202304
55 y más años;Mujeres;Cantabria;202201
55 y más años;Mujeres;Cantabria;202202
55 y más años;Mujeres;Cantabria;202203
55 y más años;Mujeres;Cantabria;202204
55 y más años;Mujeres;Cantabria;202301
55 y más años;Mujeres;Cantabria;202302
55 y más años;Mujeres;Cantabria;202303
55 y más años;Mujeres;Cantabria;202304
De 16 a 19 años;Hombres;Castilla - La Mancha;202201
De 16 a 19 años;Hombres;Castilla - La Mancha;202202
De 16 a 19 años;Hombres;Castilla - La Mancha;202203
De 16 a 19 años;Hombres;Castilla - La Mancha;202204
De 16 a 19 años;Hombres;Castilla - La Mancha;202301
De 16 a 19 años;Hombres;Castilla - La Mancha;202302
De 16 a 19 años;Hombres;Castilla - La Mancha;202303
De 16 a 19 años;Hombres;Castilla - La Mancha;202304
De 16 a 19 años;Mujeres;Castilla - La Mancha;202201
De 16 a 19 años;Mujeres;Castilla - La Mancha;202202
De 16 a 19 años;Mujeres;Castilla - La Mancha;202203
De 16 a 19 años;Mujeres;Castilla - La Mancha;202204
De 16 a 19 años;Mujeres;Castilla - La Mancha;202301
De 16 a 19 años;Mujeres;Castilla - La Mancha;202302
De 16 a 19 años;Mujeres;Castilla - La Mancha;202303
De 16 a 19 años;Mujeres;Castilla - La Mancha;202304
De 20 a 24 años;Hombres;Castilla - La Mancha;202201
De 20 a 24 años;Hombres;Castilla - La Mancha;202202
De 20 a 24 años;Hombres;Castilla - La Mancha;202203
De 20 a 24 años;Hombres;Castilla - La Mancha;202204
De 20 a 24 años;Hombres;Castilla - La Mancha;202301
De 20 a 24 años;Hombres;Castilla - La Mancha;202302
De 20 a 24 años;Hombres;Castilla - La Mancha;202303
De 20 a 24 años;Hombres;Castilla - La Mancha;202304
De 20 a 24 años;Mujeres;Castilla - La Mancha;202201
De 20 a 24 años;Mujeres;Castilla - La Mancha;202202
De 20 a 24 años;Mujeres;Castilla - La Mancha;202203
De 20 a 24 años;Mujeres;Castilla - La Mancha;202204
De 20 a 24 años;Mujeres;Castilla - La Mancha;202301
De 20 a 24 años;Mujeres;Castilla - La Mancha;202302
De 20 a 24 años;Mujeres;Castilla - La Mancha;202303
De 20 a 24 años;Mujeres;Castilla - La Mancha;202304
De 25 a 34 años;Hombres;Castilla - La Mancha;202201
De 25 a 34 años;Hombres;Castilla - La Mancha;202202
De 25 a 34 años;Hombres;Castilla - La Mancha;202203
De 25 a 34 años;Hombres;Castilla - La Mancha;202204
De 25 a 34 años;Hombres;Castilla - La Mancha;202301
De 25 a 34 años;Hombres;Castilla - La Mancha;202302
De 25 a 34 años;Hombres;Castilla - La Mancha;202303
De 25 a 34 años;Hombres;Castilla - La Mancha;202304
De 25 a 34 años;Mujeres;Castilla - La Mancha;202201
De 25 a 34 años;Mujeres;Castilla - La Mancha;202202
De 25 a 34 años;Mujeres;Castilla - La Mancha;202203
De 25 a 34 años;Mujeres;Castilla - La Mancha;202204
De 25 a 34 años;Mujeres;Castilla - La Mancha;202301
De 25 a 34 años;Mujeres;Castilla - La Mancha;202302
De 25 a 34 años;Mujeres;Castilla - La Mancha;202303
De 25 a 34 años;Mujeres;Castilla - La Mancha;202304
De 35 a 44 años;Hombres;Castilla - La Mancha;202201
De 35 a 44 años;Hombres;Castilla - La Mancha;202202
De 35 a 44 años;Hombres;Castilla - La Mancha;202203
De 35 a 44 años;Hombres;Castilla - La Mancha;202204
De 35 a 44 años;Hombres;Castilla - La Mancha;202301
De 35 a 44 años;Hombres;Castilla - La Mancha;202302
De 35 a 44 años;Hombres;Castilla - La Mancha;202303
De 35 a 44 años;Hombres;Castilla - La Mancha;202304
De 35 a 44 años;Mujeres;Castilla - La Mancha;202201
De 35 a 44 años;Mujeres;Castilla - La Mancha;202202
De 35 a 44 años;Mujeres;Castilla - La Mancha;202203
De 35 a 44 años;Mujeres;Castilla - La Mancha;202204
De 35 a 44 años;Mujeres;Castilla - La Mancha;202301
De 35 a 44 años;Mujeres;Castilla - La Mancha;202302
De 35 a 44 años;Mujeres;Castilla - La Mancha;202303
De 35 a 44 años;Mujeres;Castilla - La Mancha;202304
De 45 a 54 años;Hombres;Castilla - La Mancha;202201
De 45 a 54 años;Hombres;Castilla - La Mancha;202202
De 45 a 54 años;Hombres;Castilla - La Mancha;202203
De 45 a 54 años;Hombres;Castilla - La Mancha;202204
De 45 a 54 años;Hombres;Castilla - La Mancha;202301
De 45 a 54 años;Hombres;Castilla - La Mancha;202302
De 45 a 54 años;Hombres;Castilla - La Mancha;202303
De 45 a 54 años;Hombres;Castilla - La Mancha;202304
De 45 a 54 años;Mujeres;Castilla - La Mancha;202201
De 45 a 54 años;Mujeres;Castilla - La Mancha;202202
De 45 a 54 años;Mujeres;Castilla - La Mancha;202203
De 45 a 54 años;Mujeres;Castilla - La Mancha;202204
De 45 a 54 años;Mujeres;Castilla - La Mancha;202301
De 45 a 54 años;Mujeres;Castilla - La Mancha;202302
De 45 a 54 años;Mujeres;Castilla - La Mancha;202303
De 45 a 54 años;Mujeres;Castilla - La Mancha;202304
55 y más años;Hombres;Castilla - La Mancha;202201
55 y más años;Hombres;Castilla - La Mancha;202202
55 y más años;Hombres;Castilla - La Mancha;202203
55 y más años;Hombres;Castilla - La Mancha;202204
55 y más años;Hombres;Castilla - La Mancha;202301
55 y más años;Hombres;Castilla - La Mancha;202302
55 y más años;Hombres;Castilla - La Mancha;202303
55 y más años;Hombres;Castilla - La Mancha;202304
55 y más años;Mujeres;Castilla - La Mancha;202201
55 y más años;Mujeres;Castilla - La Mancha;202202
55 y más años;Mujeres;Castilla - La Mancha;202203
55 y más años;Mujeres;Castilla - La Mancha;202204
55 y más años;Mujeres;Castilla - La Mancha;202301
55 y más años;Mujeres;Castilla - La Mancha;202302
55 y más años;Mujeres;Castilla - La Mancha;202303
55 y más años;Mujeres;Castilla - La Mancha;202304
De 16 a 19 años;Hombres;Castilla y León;202201
De 16 a 19 años;Hombres;Castilla y León;202202
De 16 a 19 años;Hombres;Castilla y León;202203
De 16 a 19 años;Hombres;Castilla y León;202204
De 16 a 19 años;Hombres;Castilla y León;202301
De 16 a 19 años;Hombres;Castilla y León;202302
De 16 a 19 años;Hombres;Castilla y León;202303
De 16 a 19 años;Hombres;Castilla y León;202304
De 16 a 19 años;Mujeres;Castilla y León;202201
De 16 a 19 años;Mujeres;Castilla y León;202202
De 16 a 19 años;Mujeres;Castilla y León;202203
De 16 a 19 años;Mujeres;Castilla y León;202204
De 16 a 19 años;Mujeres;Castilla y León;202301
De 16 a 19 años;Mujeres;Castilla y León;202302
De 16 a 19 años;Mujeres;Castilla y León;202303
De 16 a 19 años;Mujeres;Castilla y León;202304
De 20 a 24 años;Hombres;Castilla y León;202201
De 20 a 24 años;Hombres;Castilla y León;202202
De 20 a 24 años;Hombres;Castilla y León;202203
De 20 a 24 años;Hombres;Castilla y León;202204
De 20 a 24 años;Hombres;Castilla y León;202301
De 20 a 24 años;Hombres;Castilla y León;202302
De 20 a 24 años;Hombres;Castilla y León;202303
De 20 a 24 años;Hombres;Castilla y León;202304
De 20 a 24 años;Mujeres;Castilla y León;202201
De 20 a 24 años;Mujeres;Castilla y León;202202
De 20 a 24 años;Mujeres;Castilla y León;202203
De 20 a 24 años;Mujeres;Castilla y León;202204
De 20 a 24 años;Mujeres;Castilla y León;202301
De 20 a 24 años;Mujeres;Castilla y León;202302
De 20 a 24 años;Mujeres;Castilla y León;202303
De 20 a 24 años;Mujeres;Castilla y León;202304
De 25 a 34 años;Hombres;Castilla y León;202201
De 25 a 34 años;Hombres;Castilla y León;202202
De 25 a 34 años;Hombres;Castilla y León;202203
De 25 a 34 años;Hombres;Castilla y León;202204
De 25 a 34 años;Hombres;Castilla y León;202301
De 25 a 34 años;Hombres;Castilla y León;202302
De 25 a 34 años;Hombres;Castilla y León;202303
De 25 a 34 años;Hombres;Castilla y León;202304
De 25 a 34 años;Mujeres;Castilla y León;202201
De 25 a 34 años;Mujeres;Castilla y León;202202
De 25 a 34 años;Mujeres;Castilla y León;202203
De 25 a 34 años;Mujeres;Castilla y León;202204
De 25 a 34 años;Mujeres;Castilla y León;202301
De 25 a 34 años;Mujeres;Castilla y León;202302
De 25 a 34 años;Mujeres;Castilla y León;202303
De 25 a 34 años;Mujeres;Castilla y León;202304
De 35 a 44 años;Hombres;Castilla y León;202201
De 35 a 44 años;Hombres;Castilla y León;202202
De 35 a 44 años;Hombres;Castilla y León;202203
De 35 a 44 años;Hombres;Castilla y León;202204
De 35 a 44 años;Hombres;Castilla y León;202301
De 35 a 44 años;Hombres;Castilla y León;202302
De 35 a 44 años;Hombres;Castilla y León;202303
De 35 a 44 años;Hombres;Castilla y León;202304
De 35 a 44 años;Mujeres;Castilla y León;202201
De 35 a 44 años;Mujeres;Castilla y León;202202
De 35 a 44 años;Mujeres;Castilla y León;202203
De 35 a 44 años;Mujeres;Castilla y León;202204
De 35 a 44 años;Mujeres;Castilla y León;202301
De 35 a 44 años;Mujeres;Castilla y León;202302
De 35 a 44 años;Mujeres;Castilla y León;202303
De 35 a 44 años;Mujeres;Castilla y León;202304
De 45 a 54 años;Hombres;Castilla y León;202201
De 45 a 54 años;Hombres;Castilla y León;202202
De 45 a 54 años;Hombres;Castilla y León;202203
De 45 a 54 años;Hombres;Castilla y León;202204
De 45 a 54 años;Hombres;Castilla y León;202301
De 45 a 54 años;Hombres;Castilla y León;202302
De 45 a 54 años;Hombres;Castilla y León;202303
De 45 a 54 años;Hombres;Castilla y León;202304
De 45 a 54 años;Mujeres;Castilla y León;202201
De 45 a 54 años;Mujeres;Castilla y León;202202
De 45 a 54 años;Mujeres;Castilla y León;202203
De 45 a 54 años;Mujeres;Castilla y León;202204
De 45 a 54 años;Mujeres;Castilla y León;202301
De 45 a 54 años;Mujeres;Castilla y León;202302
De 45 a 54 años;Mujeres;Castilla y León;202303
De 45 a 54 años;Mujeres;Castilla y León;202304
55 y más años;Hombres;Castilla y León;202201
55 y más años;Hombres;Castilla y León;202202
55 y más años;Hombres;Castilla y León;202203
55 y más años;Hombres;Castilla y León;202204
55 y más años;Hombres;Castilla y León;202301
55 y más años;Hombres;Castilla y León;202302
55 y más años;Hombres;Castilla y León;202303
55 y más años;Hombres;Castilla y León;202304
55 y más años;Mujeres;Castilla y León;202201
55 y más años;Mujeres;Castilla y León;202202
55 y más años;Mujeres;Castilla y León;202203
55 y más años;Mujeres;Castilla y León;202204
55 y más años;Mujeres;Castilla y León;202301
55 y más años;Mujeres;Castilla y León;202302
55 y más años;Mujeres;Castilla y León;202303
55 y más años;Mujeres;Castilla y León;202304
De 16 a 19 años;Hombres;Cataluña;202201
De 16 a 19 años;Hombres;Cataluña;202202
De 16 a 19 años;Hombres;Cataluña;202203
De 16 a 19 años;Hombres;Cataluña;202204
De 16 a 19 años;Hombres;Cataluña;202301
De 16 a 19 años;Hombres;Cataluña;202302
De 16 a 19 años;Hombres;Cataluña;202303
De 16 a 19 años;Hombres;Cataluña;202304
De 16 a 19 años;Mujeres;Cataluña;202201
De 16 a 19 años;Mujeres;Cataluña;202202
De 16 a 19 años;Mujeres;Cataluña;202203
De 16 a 19 años;Mujeres;Cataluña;202204
De 16 a 19 años;Mujeres;Cataluña;202301
De 16 a 19 años;Mujeres;Cataluña;202302
De 16 a 19 años;Mujeres;Cataluña;202303
De 16 a 19 años;Mujeres;Cataluña;202304
De 20 a 24 años;Hombres;Cataluña;202201
De 20 a 24 años;Hombres;Cataluña;202202
De 20 a 24 años;Hombres;Cataluña;202203
De 20 a 24 años;Hombres;Cataluña;202204
De 20 a 24 años;Hombres;Cataluña;202301
De 20 a 24 años;Hombres;Cataluña;202302
De 20 a 24 años;Hombres;Cataluña;202303
De 20 a 24 años;Hombres;Cataluña;202304
De 20 a 24 años;Mujeres;Cataluña;202201
De 20 a 24 años;Mujeres;Cataluña;202202
De 20 a 24 años;Mujeres;Cataluña;202203
De 20 a 24 años;Mujeres;Cataluña;202204
De 20 a 24 años;Mujeres;Cataluña;202301
De 20 a 24 años;Mujeres;Cataluña;202302
De 20 a 24 años;Mujeres;Cataluña;202303
De 20 a 24 años;Mujeres;Cataluña;202304
De 25 a 34 años;Hombres;Cataluña;202201
De 25 a 34 años;Hombres;Cataluña;202202
De 25 a 34 años;Hombres;Cataluña;202203
De 25 a 34 años;Hombres;Cataluña;202204
De 25 a 34 años;Hombres;Cataluña;202301
De 25 a 34 años;Hombres;Cataluña;202302
De 25 a 34 años;Hombres;Cataluña;202303
De 25 a 34 años;Hombres;Cataluña;202304
De 25 a 34 años;Mujeres;Cataluña;202201
De 25 a 34 años;Mujeres;Cataluña;202202
De 25 a 34 años;Mujeres;Cataluña;202203
De 25 a 34 años;Mujeres;Cataluña;202204
De 25 a 34 años;Mujeres;Cataluña;202301
De 25 a 34 años;Mujeres;Cataluña;202302
De 25 a 34 años;Mujeres;Cataluña;202303
De 25 a 34 años;Mujeres;Cataluña;202304
De 35 a 44 años;Hombres;Cataluña;202201
De 35 a 44 años;Hombres;Cataluña;202202
De 35 a 44 años;Hombres;Cataluña;202203
De 35 a 44 años;Hombres;Cataluña;202204
De 35 a 44 años;Hombres;Cataluña;202301
De 35 a 44 años;Hombres;Cataluña;202302
De 35 a 44 años;Hombres;Cataluña;202303
De 35 a 44 años;Hombres;Cataluña;202304
De 35 a 44 años;Mujeres;Cataluña;202201
De 35 a 44 años;Mujeres;Cataluña;202202
De 35 a 44 años;Mujeres;Cataluña;202203
De 35 a 44 años;Mujeres;Cataluña;202204
De 35 a 44 años;Mujeres;Cataluña;202301
De 35 a 44 años;Mujeres;Cataluña;202302
De 35 a 44 años;Mujeres;Cataluña;202303
De 35 a 44 años;Mujeres;Cataluña;202304
De 45 a 54 años;Hombres;Cataluña;202201
De 45 a 54 años;Hombres;Cataluña;202202
De 45 a 54 años;Hombres;Cataluña;202203
De 45 a 54 años;Hombres;Cataluña;202204
De 45 a 54 años;Hombres;Cataluña;202301
De 45 a 54 años;Hombres;Cataluña;202302
De 45 a 54 años;Hombres;Cataluña;202303
De 45 a 54 años;Hombres;Cataluña;202304
De 45 a 54 años;Mujeres;Cataluña;202201
De 45 a 54 años;Mujeres;Cataluña;202202
De 45 a 54 años;Mujeres;Cataluña;202203
De 45 a 54 años;Mujeres;Cataluña;202204
De 45 a 54 años;Mujeres;Cataluña;202301
De 45 a 54 años;Mujeres;Cataluña;202302
De 45 a 54 años;Mujeres;Cataluña;202303
De 45 a 54 años;Mujeres;Cataluña;202304
55 y más años;Hombres;Cataluña;202201
55 y más años;Hombres;Cataluña;202202
55 y más años;Hombres;Cataluña;202203
55 y más años;Hombres;Cataluña;202204
55 y más años;Hombres;Cataluña;202301
55 y más años;Hombres;Cataluña;202302
55 y más años;Hombres;Cataluña;202303
55 y más años;Hombres;Cataluña;202304
55 y más años;Mujeres;Cataluña;202201
55 y más años;Mujeres;Cataluña;202202
55 y más años;Mujeres;Cataluña;202203
55 y más años;Mujeres;Cataluña;202204
55 y más años;Mujeres;Cataluña;202301
55 y más años;Mujeres;Cataluña;202302
55 y más años;Mujeres;Cataluña;202303
55 y más años;Mujeres;Cataluña;202304
De 16 a 19 años;Hombres;Ceuta;202201
De 16 a 19 años;Hombres;Ceuta;202202
De 16 a 19 años;Hombres;Ceuta;202203
De 16 a 19 años;Hombres;Ceuta;202204
De 16 a 19 años;Hombres;Ceuta;202301
De 16 a 19 años;Hombres;Ceuta;202302
De 16 a 19 años;Hombres;Ceuta;202303
De 16 a 19 años;Hombres;Ceuta;202304
De 16 a 19 años;Mujeres;Ceuta;202201
De 16 a 19 años;Mujeres;Ceuta;202202
De 16 a 19 años;Mujeres;Ceuta;202203
De 16 a 19 años;Mujeres;Ceuta;202204
De 16 a 19 años;Mujeres;Ceuta;202301
De 16 a 19 años;Mujeres;Ceuta;202302
De 16 a 19 años;Mujeres;Ceuta;202303
De 16 a 19 años;Mujeres;Ceuta;202304
De 20 a 24 años;Hombres;Ceuta;202201
De 20 a 24 años;Hombres;Ceuta;202202
De 20 a 24 años;Hombres;Ceuta;202203
De 20 a 24 años;Hombres;Ceuta;202204
De 20 a 24 años;Hombres;Ceuta;202301
De 20 a 24 años;Hombres;Ceuta;202302
De 20 a 24 años;Hombres;Ceuta;202303
De 20 a 24 años;Hombres;Ceuta;202304
De 20 a 24 años;Mujeres;Ceuta;202201
De 20 a 24 años;Mujeres;Ceuta;202202
De 20 a 24 años;Mujeres;Ceuta;202203
De 20 a 24 años;Mujeres;Ceuta;202204
De 20 a 24 años;Mujeres;Ceuta;202301
De 20 a 24 años;Mujeres;Ceuta;202302
De 20 a 24 años;Mujeres;Ceuta;202303
De 20 a 24 años;Mujeres;Ceuta;202304
De 25 a 34 años;Hombres;Ceuta;202201
De 25 a 34 años;Hombres;Ceuta;202202
De 25 a 34 años;Hombres;Ceuta;202203
De 25 a 34 años;Hombres;Ceuta;202204
De 25 a 34 años;Hombres;Ceuta;202301
De 25 a 34 años;Hombres;Ceuta;202302
De 25 a 34 años;Hombres;Ceuta;202303
De 25 a 34 años;Hombres;Ceuta;202304
De 25 a 34 años;Mujeres;Ceuta;202201
De 25 a 34 años;Mujeres;Ceuta;202202
De 25 a 34 años;Mujeres;Ceuta;202203
De 25 a 34 años;Mujeres;Ceuta;202204
De 25 a 34 años;Mujeres;Ceuta;202301
De 25 a 34 años;Mujeres;Ceuta;202302
De 25 a 34 años;Mujeres;Ceuta;202303
De 25 a 34 años;Mujeres;Ceuta;202304
De 35 a 44 años;Hombres;Ceuta;202201
De 35 a 44 años;Hombres;Ceuta;202202
De 35 a 44 años;Hombres;Ceuta;202203
De 35 a 44 años;Hombres;Ceuta;202204
De 35 a 44 años;Hombres;Ceuta;202301
De 35 a 44 años;Hombres;Ceuta;202302
De 35 a 44 años;Hombres;Ceuta;202303
De 35 a 44 años;Hombres;Ceuta;202304
De 35 a 44 años;Mujeres;Ceuta;202201
De 35 a 44 años;Mujeres;Ceuta;202202
De 35 a 44 años;Mujeres;Ceuta;202203
De 35 a 44 años;Mujeres;Ceuta;202204
De 35 a 44 años;Mujeres;Ceuta;202301
De 35 a 44 años;Mujeres;Ceuta;202302
De 35 a 44 años;Mujeres;Ceuta;202303
De 35 a 44 años;Mujeres;Ceuta;202304
De 45 a 54 años;Hombres;Ceuta;202201
De 45 a 54 años;Hombres;Ceuta;202202
De 45 a 54 años;Hombres;Ceuta;202203
De 45 a 54 años;Hombres;Ceuta;202204
De 45 a 54 años;Hombres;Ceuta;202301
De 45 a 54 años;Hombres;Ceuta;202302
De 45 a 54 años;Hombres;Ceuta;202303
De 45 a 54 años;Hombres;Ceuta;202304
De 45 a 54 años;Mujeres;Ceuta;202201
De 45 a 54 años;Mujeres;Ceuta;202202
De 45 a 54 años;Mujeres;Ceuta;202203
De 45 a 54 años;Mujeres;Ceuta;202204
De 45 a 54 años;Mujeres;Ceuta;202301
De 45 a 54 años;Mujeres;Ceuta;202302
De 45 a 54 años;Mujeres;Ceuta;202303
De 45 a 54 años;Mujeres;Ceuta;202304
55 y más años;Hombres;Ceuta;202201
55 y más años;Hombres;Ceuta;202202
55 y más años;Hombres;Ceuta;202203
55 y más años;Hombres;Ceuta;202204
55 y más años;Hombres;Ceuta;202301
55 y más años;Hombres;Ceuta;202302
55 y más años;Hombres;Ceuta;202303
55 y más años;Hombres;Ceuta;202304
55 y más años;Mujeres;Ceuta;202201
55 y más años;Mujeres;Ceuta;202202
55 y más años;Mujeres;Ceuta;202203
55 y más años;Mujeres;Ceuta;202204
55 y más años;Mujeres;Ceuta;202301
55 y más años;Mujeres;Ceuta;202302
55 y más años;Mujeres;Ceuta;202303
55 y más años;Mujeres;Ceuta;202304
De 16 a 19 años;Hombres;Comunidad de Madrid;202201
De 16 a 19 años;Hombres;Comunidad de Madrid;202202
De 16 a 19 años;Hombres;Comunidad de Madrid;202203
De 16 a 19 años;Hombres;Comunidad de Madrid;202204
De 16 a 19 años;Hombres;Comunidad de Madrid;202301
De 16 a 19 años;Hombres;Comunidad de Madrid;202302
De 16 a 19 años;Hombres;Comunidad de Madrid;202303
De 16 a 19 años;Hombres;Comunidad de Madrid;202304
De 16 a 19 años;Mujeres;Comunidad de Madrid;202201
De 16 a 19 años;Mujeres;Comunidad de Madrid;202202
De 16 a 19 años;Mujeres;Comunidad de Madrid;202203
De 16 a 19 años;Mujeres;Comunidad de Madrid;202204
De 16 a 19 años;Mujeres;Comunidad de Madrid;202301
De 16 a 19 años;Mujeres;Comunidad de Madrid;202302
De 16 a 19 años;Mujeres;Comunidad de Madrid;202303
De 16 a 19 años;Mujeres;Comunidad de Madrid;202304
De 20 a 24 años;Hombres;Comunidad de Madrid;202201
De 20 a 24 años;Hombres;Comunidad de Madrid;202202
De 20 a 24 años;Hombres;Comunidad de Madrid;202203
De 20 a 24 años;Hombres;Comunidad de Madrid;202204
De 20 a 24 años;Hombres;Comunidad de Madrid;202301
De 20 a 24 años;Hombres;Comunidad de Madrid;202302
De 20 a 24 años;Hombres;Comunidad de Madrid;202303
De 20 a 24 años;Hombres;Comunidad de Madrid;202304
De 20 a 24 años;Mujeres;Comunidad de Madrid;202201
De 20 a 24 años;Mujeres;Comunidad de Madrid;202202
De 20 a 24 años;Mujeres;Comunidad de Madrid;202203
De 20 a 24 años;Mujeres;Comunidad de Madrid;202204
De 20 a 24 años;Mujeres;Comunidad de Madrid;202301
De 20 a 24 años;Mujeres;Comunidad de Madrid;202302
De 20 a 24 años;Mujeres;Comunidad de Madrid;202303
De 20 a 24 años;Mujeres;Comunidad de Madrid;202304
De 25 a 34 años;Hombres;Comunidad de Madrid;202201
De 25 a 34 años;Hombres;Comunidad de Madrid;202202
De 25 a 34 años;Hombres;Comunidad de Madrid;202203
De 25 a 34 años;Hombres;Comunidad de Madrid;202204
De 25 a 34 años;Hombres;Comunidad de Madrid;202301
De 25 a 34 años;Hombres;Comunidad de Madrid;202302
De 25 a 34 años;Hombres;Comunidad de Madrid;202303
De 25 a 34 años;Hombres;Comunidad de Madrid;202304
De 25 a 34 años;Mujeres;Comunidad de Madrid;202201
De 25 a 34 años;Mujeres;Comunidad de Madrid;202202
De 25 a 34 años;Mujeres;Comunidad de Madrid;202203
De 25 a 34 años;Mujeres;Comunidad de Madrid;202204
De 25 a 34 años;Mujeres;Comunidad de Madrid;202301
De 25 a 34 años;Mujeres;Comunidad de Madrid;202302
De 25 a 34 años;Mujeres;Comunidad de Madrid;202303
De 25 a 34 años;Mujeres;Comunidad de Madrid;202304
De 35 a 44 años;Hombres;Comunidad de Madrid;202201
De 35 a 44 años;Hombres;Comunidad de Madrid;202202
De 35 a 44 años;Hombres;Comunidad de Madrid;202203
De 35 a 44 años;Hombres;Comunidad de Madrid;202204
De 35 a 44 años;Hombres;Comunidad de Madrid;202301
De 35 a 44 años;Hombres;Comunidad de Madrid;202302
De 35 a 44 años;Hombres;Comunidad de Madrid;202303
De 35 a 44 años;Hombres;Comunidad de Madrid;202304
De 35 a 44 años;Mujeres;Comunidad de Madrid;202201
De 35 a 44 años;Mujeres;Comunidad de Madrid;202202
De 35 a 44 años;Mujeres;Comunidad de Madrid;202203
De 35 a 44 años;Mujeres;Comunidad de Madrid;202204
De 35 a 44 años;Mujeres;Comunidad de Madrid;202301
De 35 a 44 años;Mujeres;Comunidad de Madrid;202302
De 35 a 44 años;Mujeres;Comunidad de Madrid;202303
De 35 a 44 años;Mujeres;Comunidad de Madrid;202304
De 45 a 54 años;Hombres;Comunidad de Madrid;202201
De 45 a 54 años;Hombres;Comunidad de Madrid;202202
De 45 a 54 años;Hombres;Comunidad de Madrid;202203
De 45 a 54 años;Hombres;Comunidad de Madrid;202204
De 45 a 54 años;Hombres;Comunidad de Madrid;202301
De 45 a 54 años;Hombres;Comunidad de Madrid;202302
De 45 a 54 años;Hombres;Comunidad de Madrid;202303
De 45 a 54 años;Hombres;Comunidad de Madrid;202304
De 45 a 54 años;Mujeres;Comunidad de Madrid;202201
De 45 a 54 años;Mujeres;Comunidad de Madrid;202202
De 45 a 54 años;Mujeres;Comunidad de Madrid;202203
De 45 a 54 años;Mujeres;Comunidad de Madrid;202204
De 45 a 54 años;Mujeres;Comunidad de Madrid;202301
De 45 a 54 años;Mujeres;Comunidad de Madrid;202302
De 45 a 54 años;Mujeres;Comunidad de Madrid;202303
De 45 a 54 años;Mujeres;Comunidad de Madrid;202304
55 y más años;Hombres;Comunidad de Madrid;202201
55 y más años;Hombres;Comunidad de Madrid;202202
55 y más años;Hombres;Comunidad de Madrid;202203
55 y más años;Hombres;Comunidad de Madrid;202204
55 y más años;Hombres;Comunidad de Madrid;202301
55 y más años;Hombres;Comunidad de Madrid;202302
55 y más años;Hombres;Comunidad de Madrid;202303
55 y más años;Hombres;Comunidad de Madrid;202304
55 y más años;Mujeres;Comunidad de Madrid;202201
55 y más años;Mujeres;Comunidad de Madrid;202202
55 y más años;Mujeres;Comunidad de Madrid;202203
55 y más años;Mujeres;Comunidad de Madrid;202204
55 y más años;Mujeres;Comunidad de Madrid;202301
55 y más años;Mujeres;Comunidad de Madrid;202302
55 y más años;Mujeres;Comunidad de Madrid;202303
55 y más años;Mujeres;Comunidad de Madrid;202304
De 16 a 19 años;Hombres;Comunidad Foral de Navarra;202201
De 16 a 19 años;Hombres;Comunidad Foral de Navarra;202202
De 16 a 19 años;Hombres;Comunidad Foral de Navarra;202203
De 16 a 19 años;Hombres;Comunidad Foral de Navarra;202204
De 16 a 19 años;Hombres;Comunidad Foral de Navarra;202301
De 16 a 19 años;Hombres;Comunidad Foral de Navarra;202302
De 16 a 19 años;Hombres;Comunidad Foral de Navarra;202303
De 16 a 19 años;Hombres;Comunidad Foral de Navarra;202304
De 16 a 19 años;Mujeres;Comunidad Foral de Navarra;202201
De 16 a 19 años;Mujeres;Comunidad Foral de Navarra;202202
De 16 a 19 años;Mujeres;Comunidad Foral de Navarra;202203
De 16 a 19 años;Mujeres;Comunidad Foral de Navarra;202204
De 16 a 19 años;Mujeres;Comunidad Foral de Navarra;202301
De 16 a 19 años;Mujeres;Comunidad Foral de Navarra;202302
De 16 a 19 años;Mujeres;Comunidad Foral de Navarra;202303
De 16 a 19 años;Mujeres;Comunidad Foral de Navarra;202304
De 20 a 24 años;Hombres;Comunidad Foral de Navarra;202201
De 20 a 24 años;Hombres;Comunidad Foral de Navarra;202202
De 20 a 24 años;Hombres;Comunidad Foral de Navarra;202203
De 20 a 24 años;Hombres;Comunidad Foral de Navarra;202204
De 20 a 24 años;Hombres;Comunidad Foral de Navarra;202301
De 20 a 24 años;Hombres;Comunidad Foral de Navarra;202302
De 20 a 24 años;Hombres;Comunidad Foral de Navarra;202303
De 20 a 24 años;Hombres;Comunidad Foral de Navarra;202304
De 20 a 24 años;Mujeres;Comunidad Foral de Navarra;202201
De 20 a 24 años;Mujeres;Comunidad Foral de Navarra;202202
De 20 a 24 años;Mujeres;Comunidad Foral de Navarra;202203
De 20 a 24 años;Mujeres;Comunidad Foral de Navarra;202204
De 20 a 24 años;Mujeres;Comunidad Foral de Navarra;202301
De 20 a 24 años;Mujeres;Comunidad Foral de Navarra;202302
De 20 a 24 años;Mujeres;Comunidad Foral de Navarra;202303
De 20 a 24 años;Mujeres;Comunidad Foral de Navarra;202304
De 25 a 34 años;Hombres;Comunidad Foral de Navarra;202201
De 25 a 34 años;Hombres;Comunidad Foral de Navarra;202202
De 25 a 34 años;Hombres;Comunidad Foral de Navarra;202203
De 25 a 34 años;Hombres;Comunidad Foral de Navarra;202204
De 25 a 34 años;Hombres;Comunidad Foral de Navarra;202301
De 25 a 34 años;Hombres;Comunidad Foral de Navarra;202302
De 25 a 34 años;Hombres;Comunidad Foral de Navarra;202303
De 25 a 34 años;Hombres;Comunidad Foral de Navarra;202304
De 25 a 34 años;Mujeres;Comunidad Foral de Navarra;202201
De 25 a 34 años;Mujeres;Comunidad Foral de Navarra;202202
De 25 a 34 años;Mujeres;Comunidad Foral de Navarra;202203
De 25 a 34 años;Mujeres;Comunidad Foral de Navarra;202204
De 25 a 34 años;Mujeres;Comunidad Foral de Navarra;202301
De 25 a 34 años;Mujeres;Comunidad Foral de Navarra;202302
De 25 a 34 años;Mujeres;Comunidad Foral de Navarra;202303
De 25 a 34 años;Mujeres;Comunidad Foral de Navarra;202304
De 35 a 44 años;Hombres;Comunidad Foral de Navarra;202201
De 35 a 44 años;Hombres;Comunidad Foral de Navarra;202202
De 35 a 44 años;Hombres;Comunidad Foral de Navarra;202203
De 35 a 44 años;Hombres;Comunidad Foral de Navarra;202204
De 35 a 44 años;Hombres;Comunidad Foral de Navarra;202301
De 35 a 44 años;Hombres;Comunidad Foral de Navarra;202302
De 35 a 44 años;Hombres;Comunidad Foral de Navarra;202303
De 35 a 44 años;Hombres;Comunidad Foral de Navarra;202304
De 35 a 44 años;Mujeres;Comunidad Foral de Navarra;202201
De 35 a 44 años;Mujeres;Comunidad Foral de Navarra;202202
De 35 a 44 años;Mujeres;Comunidad Foral de Navarra;202203
De 35 a 44 años;Mujeres;Comunidad Foral de Navarra;202204
De 35 a 44 años;Mujeres;Comunidad Foral de Navarra;202301
De 35 a 44 años;Mujeres;Comunidad Foral de Navarra;202302
De 35 a 44 años;Mujeres;Comunidad Foral de Navarra;202303
De 35 a 44 años;Mujeres;Comunidad Foral de Navarra;202304
De 45 a 54 años;Hombres;Comunidad Foral de Navarra;202201
De 45 a 54 años;Hombres;Comunidad Foral de Navarra;202202
De 45 a 54 años;Hombres;Comunidad Foral de Navarra;202203
De 45 a 54 años;Hombres;Comunidad Foral de Navarra;202204
De 45 a 54 años;Hombres;Comunidad Foral de Navarra;202301
De 45 a 54 años;Hombres;Comunidad Foral de Navarra;202302
De 45 a 54 años;Hombres;Comunidad Foral de Navarra;202303
De 45 a 54 años;Hombres;Comunidad Foral de Navarra;202304
De 45 a 54 años;Mujeres;Comunidad Foral de Navarra;202201
De 45 a 54 años;Mujeres;Comunidad Foral de Navarra;202202
De 45 a 54 años;Mujeres;Comunidad Foral de Navarra;202203
De 45 a 54 años;Mujeres;Comunidad Foral de Navarra;202204
De 45 a 54 años;Mujeres;Comunidad Foral de Navarra;202301
De 45 a 54 años;Mujeres;Comunidad Foral de Navarra;202302
De 45 a 54 años;Mujeres;Comunidad Foral de Navarra;202303
De 45 a 54 años;Mujeres;Comunidad Foral de Navarra;202304
55 y más años;Hombres;Comunidad Foral de Navarra;202201
55 y más años;Hombres;Comunidad Foral de Navarra;202202
55 y más años;Hombres;Comunidad Foral de Navarra;202203
55 y más años;Hombres;Comunidad Foral de Navarra;202204
55 y más años;Hombres;Comunidad Foral de Navarra;202301
55 y más años;Hombres;Comunidad Foral de Navarra;202302
55 y más años;Hombres;Comunidad Foral de Navarra;202303
55 y más años;Hombres;Comunidad Foral de Navarra;202304
55 y más años;Mujeres;Comunidad Foral de Navarra;202201
55 y más años;Mujeres;Comunidad Foral de Navarra;202202
55 y más años;Mujeres;Comunidad Foral de Navarra;202203
55 y más años;Mujeres;Comunidad Foral de Navarra;202204
55 y más años;Mujeres;Comunidad Foral de Navarra;202301
55 y más años;Mujeres;Comunidad Foral de Navarra;202302
55 y más años;Mujeres;Comunidad Foral de Navarra;202303
55 y más años;Mujeres;Comunidad Foral de Navarra;202304
De 16 a 19 años;Hombres;Comunitat Valenciana;202201
De 16 a 19 años;Hombres;Comunitat Valenciana;202202
De 16 a 19 años;Hombres;Comunitat Valenciana;202203
De 16 a 19 años;Hombres;Comunitat Valenciana;202204
De 16 a 19 años;Hombres;Comunitat Valenciana;202301
De 16 a 19 años;Hombres;Comunitat Valenciana;202302
De 16 a 19 años;Hombres;Comunitat Valenciana;202303
De 16 a 19 años;Hombres;Comunitat Valenciana;202304
De 16 a 19 años;Mujeres;Comunitat Valenciana;202201
De 16 a 19 años;Mujeres;Comunitat Valenciana;202202
De 16 a 19 años;Mujeres;Comunitat Valenciana;202203
De 16 a 19 años;Mujeres;Comunitat Valenciana;202204
De 16 a 19 años;Mujeres;Comunitat Valenciana;202301
De 16 a 19 años;Mujeres;Comunitat Valenciana;202302
De 16 a 19 años;Mujeres;Comunitat Valenciana;202303
De 16 a 19 años;Mujeres;Comunitat Valenciana;202304
De 20 a 24 años;Hombres;Comunitat Valenciana;202201
De 20 a 24 años;Hombres;Comunitat Valenciana;202202
De 20 a 24 años;Hombres;Comunitat Valenciana;202203
De 20 a 24 años;Hombres;Comunitat Valenciana;202204
De 20 a 24 años;Hombres;Comunitat Valenciana;202301
De 20 a 24 años;Hombres;Comunitat Valenciana;202302
De 20 a 24 años;Hombres;Comunitat Valenciana;202303
De 20 a 24 años;Hombres;Comunitat Valenciana;202304
De 20 a 24 años;Mujeres;Comunitat Valenciana;202201
De 20 a 24 años;Mujeres;Comunitat Valenciana;202202
De 20 a 24 años;Mujeres;Comunitat Valenciana;202203
De 20 a 24 años;Mujeres;Comunitat Valenciana;202204
De 20 a 24 años;Mujeres;Comunitat Valenciana;202301
De 20 a 24 años;Mujeres;Comunitat Valenciana;202302
De 20 a 24 años;Mujeres;Comunitat Valenciana;202303
De 20 a 24 años;Mujeres;Comunitat Valenciana;202304
De 25 a 34 años;Hombres;Comunitat Valenciana;202201
De 25 a 34 años;Hombres;Comunitat Valenciana;202202
De 25 a 34 años;Hombres;Comunitat Valenciana;202203
De 25 a 34 años;Hombres;Comunitat Valenciana;202204
De 25 a 34 años;Hombres;Comunitat Valenciana;202301
De 25 a 34 años;Hombres;Comunitat Valenciana;202302
De 25 a 34 años;Hombres;Comunitat Valenciana;202303
De 25 a 34 años;Hombres;Comunitat Valenciana;202304
De 25 a 34 años;Mujeres;Comunitat Valenciana;202201
De 25 a 34 años;Mujeres;Comunitat Valenciana;202202
De 25 a 34 años;Mujeres;Comunitat Valenciana;202203
De 25 a 34 años;Mujeres;Comunitat Valenciana;202204
De 25 a 34 años;Mujeres;Comunitat Valenciana;202301
De 25 a 34 años;Mujeres;Comunitat Valenciana;202302
De 25 a 34 años;Mujeres;Comunitat Valenciana;202303
De 25 a 34 años;Mujeres;Comunitat Valenciana;202304
De 35 a 44 años;Hombres;Comunitat Valenciana;202201
De 35 a 44 años;Hombres;Comunitat Valenciana;202202
De 35 a 44 años;Hombres;Comunitat Valenciana;202203
De 35 a 44 años;Hombres;Comunitat Valenciana;202204
De 35 a 44 años;Hombres;Comunitat Valenciana;202301
De 35 a 44 años;Hombres;Comunitat Valenciana;202302
De 35 a 44 años;Hombres;Comunitat Valenciana;202303
De 35 a 44 años;Hombres;Comunitat Valenciana;202304
De 35 a 44 años;Mujeres;Comunitat Valenciana;202201
De 35 a 44 años;Mujeres;Comunitat Valenciana;202202
De 35 a 44 años;Mujeres;Comunitat Valenciana;202203
De 35 a 44 años;Mujeres;Comunitat Valenciana;202204
De 35 a 44 años;Mujeres;Comunitat Valenciana;202301
De 35 a 44 años;Mujeres;Comunitat Valenciana;202302
De 35 a 44 años;Mujeres;Comunitat Valenciana;202303
De 35 a 44 años;Mujeres;Comunitat Valenciana;202304
De 45 a 54 años;Hombres;Comunitat Valenciana;202201
De 45 a 54 años;Hombres;Comunitat Valenciana;202202
De 45 a 54 años;Hombres;Comunitat Valenciana;202203
De 45 a 54 años;Hombres;Comunitat Valenciana;202204
De 45 a 54 años;Hombres;Comunitat Valenciana;202301
De 45 a 54 años;Hombres;Comunitat Valenciana;202302
De 45 a 54 años;Hombres;Comunitat Valenciana;202303
De 45 a 54 años;Hombres;Comunitat Valenciana;202304
De 45 a 54 años;Mujeres;Comunitat Valenciana;202201
De 45 a 54 años;Mujeres;Comunitat Valenciana;202202
De 45 a 54 años;Mujeres;Comunitat Valenciana;202203
De 45 a 54 años;Mujeres;Comunitat Valenciana;202204
De 45 a 54 años;Mujeres;Comunitat Valenciana;202301
De 45 a 54 años;Mujeres;Comunitat Valenciana;202302
De 45 a 54 años;Mujeres;Comunitat Valenciana;202303
De 45 a 54 años;Mujeres;Comunitat Valenciana;202304
55 y más años;Hombres;Comunitat Valenciana;202201
55 y más años;Hombres;Comunitat Valenciana;202202
55 y más años;Hombres;Comunitat Valenciana;202203
55 y más años;Hombres;Comunitat Valenciana;202204
55 y más años;Hombres;Comunitat Valenciana;202301
55 y más años;Hombres;Comunitat Valenciana;202302
55 y más años;Hombres;Comunitat Valenciana;202303
55 y más años;Hombres;Comunitat Valenciana;202304
55 y más años;Mujeres;Comunitat Valenciana;202201
55 y más años;Mujeres;Comunitat Valenciana;202202
55 y más años;Mujeres;Comunitat Valenciana;202203
55 y más años;Mujeres;Comunitat Valenciana;202204
55 y más años;Mujeres;Comunitat Valenciana;202301
55 y más años;Mujeres;Comunitat Valenciana;202302
55 y más años;Mujeres;Comunitat Valenciana;202303
55 y más años;Mujeres;Comunitat Valenciana;202304
De 16 a 19 años;Hombres;Extremadura;202201
De 16 a 19 años;Hombres;Extremadura;202202
De 16 a 19 años;Hombres;Extremadura;202203
De 16 a 19 años;Hombres;Extremadura;202204
De 16 a 19 años;Hombres;Extremadura;202301
De 16 a 19 años;Hombres;Extremadura;202302
De 16 a 19 años;Hombres;Extremadura;202303
De 16 a 19 años;Hombres;Extremadura;202304
De 16 a 19 años;Mujeres;Extremadura;202201
De 16 a 19 años;Mujeres;Extremadura;202202
De 16 a 19 años;Mujeres;Extremadura;202203
De 16 a 19 años;Mujeres;Extremadura;202204
De 16 a 19 años;Mujeres;Extremadura;202301
De 16 a 19 años;Mujeres;Extremadura;202302
De 16 a 19 años;Mujeres;Extremadura;202303
De 16 a 19 años;Mujeres;Extremadura;202304
De 20 a 24 años;Hombres;Extremadura;202201
De 20 a 24 años;Hombres;Extremadura;202202
De 20 a 24 años;Hombres;Extremadura;202203
De 20 a 24 años;Hombres;Extremadura;202204
De 20 a 24 años;Hombres;Extremadura;202301
De 20 a 24 años;Hombres;Extremadura;202302
De 20 a 24 años;Hombres;Extremadura;202303
De 20 a 24 años;Hombres;Extremadura;202304
De 20 a 24 años;Mujeres;Extremadura;202201
De 20 a 24 años;Mujeres;Extremadura;202202
De 20 a 24 años;Mujeres;Extremadura;202203
De 20 a 24 años;Mujeres;Extremadura;202204
De 20 a 24 años;Mujeres;Extremadura;202301
De 20 a 24 años;Mujeres;Extremadura;202302
De 20 a 24 años;Mujeres;Extremadura;202303
De 20 a 24 años;Mujeres;Extremadura;202304
De 25 a 34 años;Hombres;Extremadura;202201
De 25 a 34 años;Hombres;Extremadura;202202
De 25 a 34 años;Hombres;Extremadura;202203
De 25 a 34 años;Hombres;Extremadura;202204
De 25 a 34 años;Hombres;Extremadura;202301
De 25 a 34 años;Hombres;Extremadura;202302
De 25 a 34 años;Hombres;Extremadura;202303
De 25 a 34 años;Hombres;Extremadura;202304
De 25 a 34 años;Mujeres;Extremadura;202201
De 25 a 34 años;Mujeres;Extremadura;202202
De 25 a 34 años;Mujeres;Extremadura;202203
De 25 a 34 años;Mujeres;Extremadura;202204
De 25 a 34 años;Mujeres;Extremadura;202301
De 25 a 34 años;Mujeres;Extremadura;202302
De 25 a 34 años;Mujeres;Extremadura;202303
De 25 a 34 años;Mujeres;Extremadura;202304
De 35 a 44 años;Hombres;Extremadura;202201
De 35 a 44 años;Hombres;Extremadura;202202
De 35 a 44 años;Hombres;Extremadura;202203
De 35 a 44 años;Hombres;Extremadura;202204
De 35 a 44 años;Hombres;Extremadura;202301
De 35 a 44 años;Hombres;Extremadura;202302
De 35 a 44 años;Hombres;Extremadura;202303
De 35 a 44 años;Hombres;Extremadura;202304
De 35 a 44 años;Mujeres;Extremadura;202201
De 35 a 44 años;Mujeres;Extremadura;202202
De 35 a 44 años;Mujeres;Extremadura;202203
De 35 a 44 años;Mujeres;Extremadura;202204
De 35 a 44 años;Mujeres;Extremadura;202301
De 35 a 44 años;Mujeres;Extremadura;202302
De 35 a 44 años;Mujeres;Extremadura;202303
De 35 a 44 años;Mujeres;Extremadura;202304
De 45 a 54 años;Hombres;Extremadura;202201
De 45 a 54 años;Hombres;Extremadura;202202
De 45 a 54 años;Hombres;Extremadura;202203
De 45 a 54 años;Hombres;Extremadura;202204
De 45 a 54 años;Hombres;Extremadura;202301
De 45 a 54 años;Hombres;Extremadura;202302
De 45 a 54 años;Hombres;Extremadura;202303
De 45 a 54 años;Hombres;Extremadura;202304
De 45 a 54 años;Mujeres;Extremadura;202201
De 45 a 54 años;Mujeres;Extremadura;202202
De 45 a 54 años;Mujeres;Extremadura;202203
De 45 a 54 años;Mujeres;Extremadura;202204
De 45 a 54 años;Mujeres;Extremadura;202301
De 45 a 54 años;Mujeres;Extremadura;202302
De 45 a 54 años;Mujeres;Extremadura;202303
De 45 a 54 años;Mujeres;Extremadura;202304
55 y más años;Hombres;Extremadura;202201
55 y más años;Hombres;Extremadura;202202
55 y más años;Hombres;Extremadura;202203
55 y más años;Hombres;Extremadura;202204
55 y más años;Hombres;Extremadura;202301
55 y más años;Hombres;Extremadura;202302
55 y más años;Hombres;Extremadura;202303
55 y más años;Hombres;Extremadura;202304
55 y más años;Mujeres;Extremadura;202201
55 y más años;Mujeres;Extremadura;202202
55 y más años;Mujeres;Extremadura;202203
55 y más años;Mujeres;Extremadura;202204
55 y más años;Mujeres;Extremadura;202301
55 y más años;Mujeres;Extremadura;202302
55 y más años;Mujeres;Extremadura;202303
55 y más años;Mujeres;Extremadura;202304
De 16 a 19 años;Hombres;Galicia;202201
De 16 a 19 años;Hombres;Galicia;202202
De 16 a 19 años;Hombres;Galicia;202203
De 16 a 19 años;Hombres;Galicia;202204
De 16 a 19 años;Hombres;Galicia;202301
De 16 a 19 años;Hombres;Galicia;202302
De 16 a 19 años;Hombres;Galicia;202303
De 16 a 19 años;Hombres;Galicia;202304
De 16 a 19 años;Mujeres;Galicia;202201
De 16 a 19 años;Mujeres;Galicia;202202
De 16 a 19 años;Mujeres;Galicia;202203
De 16 a 19 años;Mujeres;Galicia;202204
De 16 a 19 años;Mujeres;Galicia;202301
De 16 a 19 años;Mujeres;Galicia;202302
De 16 a 19 años;Mujeres;Galicia;202303
De 16 a 19 años;Mujeres;Galicia;202304
De 20 a 24 años;Hombres;Galicia;202201
De 20 a 24 años;Hombres;Galicia;202202
De 20 a 24 años;Hombres;Galicia;202203
De 20 a 24 años;Hombres;Galicia;202204
De 20 a 24 años;Hombres;Galicia;202301
De 20 a 24 años;Hombres;Galicia;202302
De 20 a 24 años;Hombres;Galicia;202303
De 20 a 24 años;Hombres;Galicia;202304
De 20 a 24 años;Mujeres;Galicia;202201
De 20 a 24 años;Mujeres;Galicia;202202
De 20 a 24 años;Mujeres;Galicia;202203
De 20 a 24 años;Mujeres;Galicia;202204
De 20 a 24 años;Mujeres;Galicia;202301
De 20 a 24 años;Mujeres;Galicia;202302
De 20 a 24 años;Mujeres;Galicia;202303
De 20 a 24 años;Mujeres;Galicia;202304
De 25 a 34 años;Hombres;Galicia;202201
De 25 a 34 años;Hombres;Galicia;202202
De 25 a 34 años;Hombres;Galicia;202203
De 25 a 34 años;Hombres;Galicia;202204
De 25 a 34 años;Hombres;Galicia;202301
De 25 a 34 años;Hombres;Galicia;202302
De 25 a 34 años;Hombres;Galicia;202303
De 25 a 34 años;Hombres;Galicia;202304
De 25 a 34 años;Mujeres;Galicia;202201
De 25 a 34 años;Mujeres;Galicia;202202
De 25 a 34 años;Mujeres;Galicia;202203
De 25 a 34 años;Mujeres;Galicia;202204
De 25 a 34 años;Mujeres;Galicia;202301
De 25 a 34 años;Mujeres;Galicia;202302
De 25 a 34 años;Mujeres;Galicia;202303
De 25 a 34 años;Mujeres;Galicia;202304
De 35 a 44 años;Hombres;Galicia;202201
De 35 a 44 años;Hombres;Galicia;202202
De 35 a 44 años;Hombres;Galicia;202203
De 35 a 44 años;Hombres;Galicia;202204
De 35 a 44 años;Hombres;Galicia;202301
De 35 a 44 años;Hombres;Galicia;202302
De 35 a 44 años;Hombres;Galicia;202303
De 35 a 44 años;Hombres;Galicia;202304
De 35 a 44 años;Mujeres;Galicia;202201
De 35 a 44 años;Mujeres;Galicia;202202
De 35 a 44 años;Mujeres;Galicia;202203
De 35 a 44 años;Mujeres;Galicia;202204
De 35 a 44 años;Mujeres;Galicia;202301
De 35 a 44 años;Mujeres;Galicia;202302
De 35 a 44 años;Mujeres;Galicia;202303
De 35 a 44 años;Mujeres;Galicia;202304
De 45 a 54 años;Hombres;Galicia;202201
De 45 a 54 años;Hombres;Galicia;202202
De 45 a 54 años;Hombres;Galicia;202203
De 45 a 54 años;Hombres;Galicia;202204
De 45 a 54 años;Hombres;Galicia;202301
De 45 a 54 años;Hombres;Galicia;202302
De 45 a 54 años;Hombres;Galicia;202303
De 45 a 54 años;Hombres;Galicia;202304
De 45 a 54 años;Mujeres;Galicia;202201
De 45 a 54 años;Mujeres;Galicia;202202
De 45 a 54 años;Mujeres;Galicia;202203
De 45 a 54 años;Mujeres;Galicia;202204
De 45 a 54 años;Mujeres;Galicia;202301
De 45 a 54 años;Mujeres;Galicia;202302
De 45 a 54 años;Mujeres;Galicia;202303
De 45 a 54 años;Mujeres;Galicia;202304
55 y más años;Hombres;Galicia;202201
55 y más años;Hombres;Galicia;202202
55 y más años;Hombres;Galicia;202203
55 y más años;Hombres;Galicia;202204
55 y más años;Hombres;Galicia;202301
55 y más años;Hombres;Galicia;202302
55 y más años;Hombres;Galicia;202303
55 y más años;Hombres;Galicia;202304
55 y más años;Mujeres;Galicia;202201
55 y más años;Mujeres;Galicia;202202
55 y más años;Mujeres;Galicia;202203
55 y más años;Mujeres;Galicia;202204
55 y más años;Mujeres;Galicia;202301
55 y más años;Mujeres;Galicia;202302
55 y más años;Mujeres;Galicia;202303
55 y más años;Mujeres;Galicia;202304
De 16 a 19 años;Hombres;Illes Balears;202201
De 16 a 19 años;Hombres;Illes Balears;202202
De 16 a 19 años;Hombres;Illes Balears;202203
De 16 a 19 años;Hombres;Illes Balears;202204
De 16 a 19 años;Hombres;Illes Balears;202301
De 16 a 19 años;Hombres;Illes Balears;202302
De 16 a 19 años;Hombres;Illes Balears;202303
De 16 a 19 años;Hombres;Illes Balears;202304
De 16 a 19 años;Mujeres;Illes Balears;202201
De 16 a 19 años;Mujeres;Illes Balears;202202
De 16 a 19 años;Mujeres;Illes Balears;202203
De 16 a 19 años;Mujeres;Illes Balears;202204
De 16 a 19 años;Mujeres;Illes Balears;202301
De 16 a 19 años;Mujeres;Illes Balears;202302
De 16 a 19 años;Mujeres;Illes Balears;202303
De 16 a 19 años;Mujeres;Illes Balears;202304
De 20 a 24 años;Hombres;Illes Balears;202201
De 20 a 24 años;Hombres;Illes Balears;202202
De 20 a 24 años;Hombres;Illes Balears;202203
De 20 a 24 años;Hombres;Illes Balears;202204
De 20 a 24 años;Hombres;Illes Balears;202301
De 20 a 24 años;Hombres;Illes Balears;202302
De 20 a 24 años;Hombres;Illes Balears;202303
De 20 a 24 años;Hombres;Illes Balears;202304
De 20 a 24 años;Mujeres;Illes Balears;202201
De 20 a 24 años;Mujeres;Illes Balears;202202
De 20 a 24 años;Mujeres;Illes Balears;202203
De 20 a 24 años;Mujeres;Illes Balears;202204
De 20 a 24 años;Mujeres;Illes Balears;202301
De 20 a 24 años;Mujeres;Illes Balears;202302
De 20 a 24 años;Mujeres;Illes Balears;202303
De 20 a 24 años;Mujeres;Illes Balears;202304
De 25 a 34 años;Hombres;Illes Balears;202201
De 25 a 34 años;Hombres;Illes Balears;202202
De 25 a 34 años;Hombres;Illes Balears;202203
De 25 a 34 años;Hombres;Illes Balears;202204
De 25 a 34 años;Hombres;Illes Balears;202301
De 25 a 34 años;Hombres;Illes Balears;202302
De 25 a 34 años;Hombres;Illes Balears;202303
De 25 a 34 años;Hombres;Illes Balears;202304
De 25 a 34 años;Mujeres;Illes Balears;202201
De 25 a 34 años;Mujeres;Illes Balears;202202
De 25 a 34 años;Mujeres;Illes Balears;202203
De 25 a 34 años;Mujeres;Illes Balears;202204
De 25 a 34 años;Mujeres;Illes Balears;202301
De 25 a 34 años;Mujeres;Illes Balears;202302
De 25 a 34 años;Mujeres;Illes Balears;202303
De 25 a 34 años;Mujeres;Illes Balears;202304
De 35 a 44 años;Hombres;Illes Balears;202201
De 35 a 44 años;Hombres;Illes Balears;202202
De 35 a 44 años;Hombres;Illes Balears;202203
De 35 a 44 años;Hombres;Illes Balears;202204
De 35 a 44 años;Hombres;Illes Balears;202301
De 35 a 44 años;Hombres;Illes Balears;202302
De 35 a 44 años;Hombres;Illes Balears;202303
De 35 a 44 años;Hombres;Illes Balears;202304
De 35 a 44 años;Mujeres;Illes Balears;202201
De 35 a 44 años;Mujeres;Illes Balears;202202
De 35 a 44 años;Mujeres;Illes Balears;202203
De 35 a 44 años;Mujeres;Illes Balears;202204
De 35 a 44 años;Mujeres;Illes Balears;202301
De 35 a 44 años;Mujeres;Illes Balears;202302
De 35 a 44 años;Mujeres;Illes Balears;202303
De 35 a 44 años;Mujeres;Illes Balears;202304
De 45 a 54 años;Hombres;Illes Balears;202201
De 45 a 54 años;Hombres;Illes Balears;202202
De 45 a 54 años;Hombres;Illes Balears;202203
De 45 a 54 años;Hombres;Illes Balears;202204
De 45 a 54 años;Hombres;Illes Balears;202301
De 45 a 54 años;Hombres;Illes Balears;202302
De 45 a 54 años;Hombres;Illes Balears;202303
De 45 a 54 años;Hombres;Illes Balears;202304
De 45 a 54 años;Mujeres;Illes Balears;202201
De 45 a 54 años;Mujeres;Illes Balears;202202
De 45 a 54 años;Mujeres;Illes Balears;202203
De 45 a 54 años;Mujeres;Illes Balears;202204
De 45 a 54 años;Mujeres;Illes Balears;202301
De 45 a 54 años;Mujeres;Illes Balears;202302
De 45 a 54 años;Mujeres;Illes Balears;202303
De 45 a 54 años;Mujeres;Illes Balears;202304
55 y más años;Hombres;Illes Balears;202201
55 y más años;Hombres;Illes Balears;202202
55 y más años;Hombres;Illes Balears;202203
55 y más años;Hombres;Illes Balears;202204
55 y más años;Hombres;Illes Balears;202301
55 y más años;Hombres;Illes Balears;202302
55 y más años;Hombres;Illes Balears;202303
55 y más años;Hombres;Illes Balears;202304
55 y más años;Mujeres;Illes Balears;202201
55 y más años;Mujeres;Illes Balears;202202
55 y más años;Mujeres;Illes Balears;202203
55 y más años;Mujeres;Illes Balears;202204
55 y más años;Mujeres;Illes Balears;202301
55 y más años;Mujeres;Illes Balears;202302
55 y más años;Mujeres;Illes Balears;202303
55 y más años;Mujeres;Illes Balears;202304
De 16 a 19 años;Hombres;Melilla;202201
De 16 a 19 años;Hombres;Melilla;202202
De 16 a 19 años;Hombres;Melilla;202203
De 16 a 19 años;Hombres;Melilla;202204
De 16 a 19 años;Hombres;Melilla;202301
De 16 a 19 años;Hombres;Melilla;202302
De 16 a 19 años;Hombres;Melilla;202303
De 16 a 19 años;Hombres;Melilla;202304
De 16 a 19 años;Mujeres;Melilla;202201
De 16 a 19 años;Mujeres;Melilla;202202
De 16 a 19 años;Mujeres;Melilla;202203
De 16 a 19 años;Mujeres;Melilla;202204
De 16 a 19 años;Mujeres;Melilla;202301
De 16 a 19 años;Mujeres;Melilla;202302
De 16 a 19 años;Mujeres;Melilla;202303
De 16 a 19 años;Mujeres;Melilla;202304
De 20 a 24 años;Hombres;Melilla;202201
De 20 a 24 años;Hombres;Melilla;202202
De 20 a 24 años;Hombres;Melilla;202203
De 20 a 24 años;Hombres;Melilla;202204
De 20 a 24 años;Hombres;Melilla;202301
De 20 a 24 años;Hombres;Melilla;202302
De 20 a 24 años;Hombres;Melilla;202303
De 20 a 24 años;Hombres;Melilla;202304
De 20 a 24 años;Mujeres;Melilla;202201
De 20 a 24 años;Mujeres;Melilla;202202
De 20 a 24 años;Mujeres;Melilla;202203
De 20 a 24 años;Mujeres;Melilla;202204
De 20 a 24 años;Mujeres;Melilla;202301
De 20 a 24 años;Mujeres;Melilla;202302
De 20 a 24 años;Mujeres;Melilla;202303
De 20 a 24 años;Mujeres;Melilla;202304
De 25 a 34 años;Hombres;Melilla;202201
De 25 a 34 años;Hombres;Melilla;202202
De 25 a 34 años;Hombres;Melilla;202203
De 25 a 34 años;Hombres;Melilla;202204
De 25 a 34 años;Hombres;Melilla;202301
De 25 a 34 años;Hombres;Melilla;202302
De 25 a 34 años;Hombres;Melilla;202303
De 25 a 34 años;Hombres;Melilla;202304
De 25 a 34 años;Mujeres;Melilla;202201
De 25 a 34 años;Mujeres;Melilla;202202
De 25 a 34 años;Mujeres;Melilla;202203
De 25 a 34 años;Mujeres;Melilla;202204
De 25 a 34 años;Mujeres;Melilla;202301
De 25 a 34 años;Mujeres;Melilla;202302
De 25 a 34 años;Mujeres;Melilla;202303
De 25 a 34 años;Mujeres;Melilla;202304
De 35 a 44 años;Hombres;Melilla;202201
De 35 a 44 años;Hombres;Melilla;202202
De 35 a 44 años;Hombres;Melilla;202203
De 35 a 44 años;Hombres;Melilla;202204
De 35 a 44 años;Hombres;Melilla;202301
De 35 a 44 años;Hombres;Melilla;202302
De 35 a 44 años;Hombres;Melilla;202303
De 35 a 44 años;Hombres;Melilla;202304
De 35 a 44 años;Mujeres;Melilla;202201
De 35 a 44 años;Mujeres;Melilla;202202
De 35 a 44 años;Mujeres;Melilla;202203
De 35 a 44 años;Mujeres;Melilla;202204
De 35 a 44 años;Mujeres;Melilla;202301
De 35 a 44 años;Mujeres;Melilla;202302
De 35 a 44 años;Mujeres;Melilla;202303
De 35 a 44 años;Mujeres;Melilla;202304
De 45 a 54 años;Hombres;Melilla;202201
De 45 a 54 años;Hombres;Melilla;202202
De 45 a 54 años;Hombres;Melilla;202203
De 45 a 54 años;Hombres;Melilla;202204
De 45 a 54 años;Hombres;Melilla;202301
De 45 a 54 años;Hombres;Melilla;202302
De 45 a 54 años;Hombres;Melilla;202303
De 45 a 54 años;Hombres;Melilla;202304
De 45 a 54 años;Mujeres;Melilla;202201
De 45 a 54 años;Mujeres;Melilla;202202
De 45 a 54 años;Mujeres;Melilla;202203
De 45 a 54 años;Mujeres;Melilla;202204
De 45 a 54 años;Mujeres;Melilla;202301
De 45 a 54 años;Mujeres;Melilla;202302
De 45 a 54 años;Mujeres;Melilla;202303
De 45 a 54 años;Mujeres;Melilla;202304
55 y más años;Hombres;Melilla;202201
55 y más años;Hombres;Melilla;202202
55 y más años;Hombres;Melilla;202203
55 y más años;Hombres;Melilla;202204
55 y más años;Hombres;Melilla;202301
55 y más años;Hombres;Melilla;202302
55 y más años;Hombres;Melilla;202303
55 y más años;Hombres;Melilla;202304
55 y más años;Mujeres;Melilla;202201
55 y más años;Mujeres;Melilla;202202
55 y más años;Mujeres;Melilla;202203
55 y más años;Mujeres;Melilla;202204
55 y más años;Mujeres;Melilla;202301
55 y más años;Mujeres;Melilla;202302
55 y más años;Mujeres;Melilla;202303
55 y más años;Mujeres;Melilla;202304
De 16 a 19 años;Hombres;País Vasco;202201
De 16 a 19 años;Hombres;País Vasco;202202
De 16 a 19 años;Hombres;País Vasco;202203
De 16 a 19 años;Hombres;País Vasco;202204
De 16 a 19 años;Hombres;País Vasco;202301
De 16 a 19 años;Hombres;País Vasco;202302
De 16 a 19 años;Hombres;País Vasco;202303
De 16 a 19 años;Hombres;País Vasco;202304
De 16 a 19 años;Mujeres;País Vasco;202201
De 16 a 19 años;Mujeres;País Vasco;202202
De 16 a 19 años;Mujeres;País Vasco;202203
De 16 a 19 años;Mujeres;País Vasco;202204
De 16 a 19 años;Mujeres;País Vasco;202301
De 16 a 19 años;Mujeres;País Vasco;202302
De 16 a 19 años;Mujeres;País Vasco;202303
De 16 a 19 años;Mujeres;País Vasco;202304
De 20 a 24 años;Hombres;País Vasco;202201
De 20 a 24 años;Hombres;País Vasco;202202
De 20 a 24 años;Hombres;País Vasco;202203
De 20 a 24 años;Hombres;País Vasco;202204
De 20 a 24 años;Hombres;País Vasco;202301
De 20 a 24 años;Hombres;País Vasco;202302
De 20 a 24 años;Hombres;País Vasco;202303
De 20 a 24 años;Hombres;País Vasco;202304
De 20 a 24 años;Mujeres;País Vasco;202201
De 20 a 24 años;Mujeres;País Vasco;202202
De 20 a 24 años;Mujeres;País Vasco;202203
De 20 a 24 años;Mujeres;País Vasco;202204
De 20 a 24 años;Mujeres;País Vasco;202301
De 20 a 24 años;Mujeres;País Vasco;202302
De 20 a 24 años;Mujeres;País Vasco;202303
De 20 a 24 años;Mujeres;País Vasco;202304
De 25 a 34 años;Hombres;País Vasco;202201
De 25 a 34 años;Hombres;País Vasco;202202
De 25 a 34 años;Hombres;País Vasco;202203
De 25 a 34 años;Hombres;País Vasco;202204
De 25 a 34 años;Hombres;País Vasco;202301
De 25 a 34 años;Hombres;País Vasco;202302
De 25 a 34 años;Hombres;País Vasco;202303
De 25 a 34 años;Hombres;País Vasco;202304
De 25 a 34 años;Mujeres;País Vasco;202201
De 25 a 34 años;Mujeres;País Vasco;202202
De 25 a 34 años;Mujeres;País Vasco;202203
De 25 a 34 años;Mujeres;País Vasco;202204
De 25 a 34 años;Mujeres;País Vasco;202301
De 25 a 34 años;Mujeres;País Vasco;202302
De 25 a 34 años;Mujeres;País Vasco;202303
De 25 a 34 años;Mujeres;País Vasco;202304
De 35 a 44 años;Hombres;País Vasco;202201
De 35 a 44 años;Hombres;País Vasco;202202
De 35 a 44 años;Hombres;País Vasco;202203
De 35 a 44 años;Hombres;País Vasco;202204
De 35 a 44 años;Hombres;País Vasco;202301
De 35 a 44 años;Hombres;País Vasco;202302
De 35 a 44 años;Hombres;País Vasco;202303
De 35 a 44 años;Hombres;País Vasco;202304
De 35 a 44 años;Mujeres;País Vasco;202201
De 35 a 44 años;Mujeres;País Vasco;202202
De 35 a 44 años;Mujeres;País Vasco;202203
De 35 a 44 años;Mujeres;País Vasco;202204
De 35 a 44 años;Mujeres;País Vasco;202301
De 35 a 44 años;Mujeres;País Vasco;202302
De 35 a 44 años;Mujeres;País Vasco;202303
De 35 a 44 años;Mujeres;País Vasco;202304
De 45 a 54 años;Hombres;País Vasco;202201
De 45 a 54 años;Hombres;País Vasco;202202
De 45 a 54 años;Hombres;País Vasco;202203
De 45 a 54 años;Hombres;País Vasco;202204
De 45 a 54 años;Hombres;País Vasco;202301
De 45 a 54 años;Hombres;País Vasco;202302
De 45 a 54 años;Hombres;País Vasco;202303
De 45 a 54 años;Hombres;País Vasco;202304
De 45 a 54 años;Mujeres;País Vasco;202201
De 45 a 54 años;Mujeres;País Vasco;202202
De 45 a 54 años;Mujeres;País Vasco;202203
De 45 a 54 años;Mujeres;País Vasco;202204
De 45 a 54 años;Mujeres;País Vasco;202301
De 45 a 54 años;Mujeres;País Vasco;202302
De 45 a 54 años;Mujeres;País Vasco;202303
De 45 a 54 años;Mujeres;País Vasco;202304
55 y más años;Hombres;País Vasco;202201
55 y más años;Hombres;País Vasco;202202
55 y más años;Hombres;País Vasco;202203
55 y más años;Hombres;País Vasco;202204
55 y más años;Hombres;País Vasco;202301
55 y más años;Hombres;País Vasco;202302
55 y más años;Hombres;País Vasco;202303
55 y más años;Hombres;País Vasco;202304
55 y más años;Mujeres;País Vasco;202201
55 y más años;Mujeres;País Vasco;202202
55 y más años;Mujeres;País Vasco;202203
55 y más años;Mujeres;País Vasco;202204
55 y más años;Mujeres;País Vasco;202301
55 y más años;Mujeres;País Vasco;202302
55 y más años;Mujeres;País Vasco;202303
55 y más años;Mujeres;País Vasco;202304
De 16 a 19 años;Hombres;Región de Murcia;202201
De 16 a 19 años;Hombres;Región de Murcia;202202
De 16 a 19 años;Hombres;Región de Murcia;202203
De 16 a 19 años;Hombres;Región de Murcia;202204
De 16 a 19 años;Hombres;Región de Murcia;202301
De 16 a 19 años;Hombres;Región de Murcia;202302
De 16 a 19 años;Hombres;Región de Murcia;202303
De 16 a 19 años;Hombres;Región de Murcia;202304
De 16 a 19 años;Mujeres;Región de Murcia;202201
De 16 a 19 años;Mujeres;Región de Murcia;202202
De 16 a 19 años;Mujeres;Región de Murcia;202203
De 16 a 19 años;Mujeres;Región de Murcia;202204
De 16 a 19 años;Mujeres;Región de Murcia;202301
De 16 a 19 años;Mujeres;Región de Murcia;202302
De 16 a 19 años;Mujeres;Región de Murcia;202303
De 16 a 19 años;Mujeres;Región de Murcia;202304
De 20 a 24 años;Hombres;Región de Murcia;202201
De 20 a 24 años;Hombres;Región de Murcia;202202
De 20 a 24 años;Hombres;Región de Murcia;202203
De 20 a 24 años;Hombres;Región de Murcia;202204
De 20 a 24 años;Hombres;Región de Murcia;202301
De 20 a 24 años;Hombres;Región de Murcia;202302
De 20 a 24 años;Hombres;Región de Murcia;202303
De 20 a 24 años;Hombres;Región de Murcia;202304
De 20 a 24 años;Mujeres;Región de Murcia;202201
De 20 a 24 años;Mujeres;Región de Murcia;202202
De 20 a 24 años;Mujeres;Región de Murcia;202203
De 20 a 24 años;Mujeres;Región de Murcia;202204
De 20 a 24 años;Mujeres;Región de Murcia;202301
De 20 a 24 años;Mujeres;Región de Murcia;202302
De 20 a 24 años;Mujeres;Región de Murcia;202303
De 20 a 24 años;Mujeres;Región de Murcia;202304
De 25 a 34 años;Hombres;Región de Murcia;202201
De 25 a 34 años;Hombres;Región de Murcia;202202
De 25 a 34 años;Hombres;Región de Murcia;202203
De 25 a 34 años;Hombres;Región de Murcia;202204
De 25 a 34 años;Hombres;Región de Murcia;202301
De 25 a 34 años;Hombres;Región de Murcia;202302
De 25 a 34 años;Hombres;Región de Murcia;202303
De 25 a 34 años;Hombres;Región de Murcia;202304
De 25 a 34 años;Mujeres;Región de Murcia;202201
De 25 a 34 años;Mujeres;Región de Murcia;202202
De 25 a 34 años;Mujeres;Región de Murcia;202203
De 25 a 34 años;Mujeres;Región de Murcia;202204
De 25 a 34 años;Mujeres;Región de Murcia;202301
De 25 a 34 años;Mujeres;Región de Murcia;202302
De 25 a 34 años;Mujeres;Región de Murcia;202303
De 25 a 34 años;Mujeres;Región de Murcia;202304
De 35 a 44 años;Hombres;Región de Murcia;202201
De 35 a 44 años;Hombres;Región de Murcia;202202
De 35 a 44 años;Hombres;Región de Murcia;202203
De 35 a 44 años;Hombres;Región de Murcia;202204
De 35 a 44 años;Hombres;Región de Murcia;202301
De 35 a 44 años;Hombres;Región de Murcia;202302
De 35 a 44 años;Hombres;Región de Murcia;202303
De 35 a 44 años;Hombres;Región de Murcia;202304
De 35 a 44 años;Mujeres;Región de Murcia;202201
De 35 a 44 años;Mujeres;Región de Murcia;202202
De 35 a 44 años;Mujeres;Región de Murcia;202203
De 35 a 44 años;Mujeres;Región de Murcia;202204
De 35 a 44 años;Mujeres;Región de Murcia;202301
De 35 a 44 años;Mujeres;Región de Murcia;202302
De 35 a 44 años;Mujeres;Región de Murcia;202303
De 35 a 44 años;Mujeres;Región de Murcia;202304
De 45 a 54 años;Hombres;Región de Murcia;202201
De 45 a 54 años;Hombres;Región de Murcia;202202
De 45 a 54 años;Hombres;Región de Murcia;202203
De 45 a 54 años;Hombres;Región de Murcia;202204
De 45 a 54 años;Hombres;Región de Murcia;202301
De 45 a 54 años;Hombres;Región de Murcia;202302
De 45 a 54 años;Hombres;Región de Murcia;202303
De 45 a 54 años;Hombres;Región de Murcia;202304
De 45 a 54 años;Mujeres;Región de Murcia;202201
De 45 a 54 años;Mujeres;Región de Murcia;202202
De 45 a 54 años;Mujeres;Región de Murcia;202203
De 45 a 54 años;Mujeres;Región de Murcia;202204
De 45 a 54 años;Mujeres;Región de Murcia;202301
De 45 a 54 años;Mujeres;Región de Murcia;202302
De 45 a 54 años;Mujeres;Región de Murcia;202303
De 45 a 54 años;Mujeres;Región de Murcia;202304
55 y más años;Hombres;Región de Murcia;202201
55 y más años;Hombres;Región de Murcia;202202
55 y más años;Hombres;Región de Murcia;202203
55 y más años;Hombres;Región de Murcia;202204
55 y más años;Hombres;Región de Murcia;202301
55 y más años;Hombres;Región de Murcia;202302
55 y más años;Hombres;Región de Murcia;202303
55 y más años;Hombres;Región de Murcia;202304
55 y más años;Mujeres;Región de Murcia;202201
55 y más años;Mujeres;Región de Murcia;202202
55 y más años;Mujeres;Región de Murcia;202203
55 y más años;Mujeres;Región de Murcia;202204
55 y más años;Mujeres;Región de Murcia;202301
55 y más años;Mujeres;Región de Murcia;202302
55 y más años;Mujeres;Región de Murcia;202303
55 y más años;Mujeres;Región de Murcia;202304
De 16 a 19 años;Hombres;Rioja, La;202201
De 16 a 19 años;Hombres;Rioja, La;202202
De 16 a 19 años;Hombres;Rioja, La;202203
De 16 a 19 años;Hombres;Rioja, La;202204
De 16 a 19 años;Hombres;Rioja, La;202301
De 16 a 19 años;Hombres;Rioja, La;202302
De 16 a 19 años;Hombres;Rioja, La;202303
De 16 a 19 años;Hombres;Rioja, La;202304
De 16 a 19 años;Mujeres;Rioja, La;202201
De 16 a 19 años;Mujeres;Rioja, La;202202
De 16 a 19 años;Mujeres;Rioja, La;202203
De 16 a 19 años;Mujeres;Rioja, La;202204
De 16 a 19 años;Mujeres;Rioja, La;202301
De 16 a 19 años;Mujeres;Rioja, La;202302
De 16 a 19 años;Mujeres;Rioja, La;202303
De 16 a 19 años;Mujeres;Rioja, La;202304
De 20 a 24 años;Hombres;Rioja, La;202201
De 20 a 24 años;Hombres;Rioja, La;202202
De 20 a 24 años;Hombres;Rioja, La;202203
De 20 a 24 años;Hombres;Rioja, La;202204
De 20 a 24 años;Hombres;Rioja, La;202301
De 20 a 24 años;Hombres;Rioja, La;202302
De 20 a 24 años;Hombres;Rioja, La;202303
De 20 a 24 años;Hombres;Rioja, La;202304
De 20 a 24 años;Mujeres;Rioja, La;202201
De 20 a 24 años;Mujeres;Rioja, La;202202
De 20 a 24 años;Mujeres;Rioja, La;202203
De 20 a 24 años;Mujeres;Rioja, La;202204
De 20 a 24 años;Mujeres;Rioja, La;202301
De 20 a 24 años;Mujeres;Rioja, La;202302
De 20 a 24 años;Mujeres;Rioja, La;202303
De 20 a 24 años;Mujeres;Rioja, La;202304
De 25 a 34 años;Hombres;Rioja, La;202201
De 25 a 34 años;Hombres;Rioja, La;202202
De 25 a 34 años;Hombres;Rioja, La;202203
De 25 a 34 años;Hombres;Rioja, La;202204
De 25 a 34 años;Hombres;Rioja, La;202301
De 25 a 34 años;Hombres;Rioja, La;202302
De 25 a 34 años;Hombres;Rioja, La;202303
De 25 a 34 años;Hombres;Rioja, La;202304
De 25 a 34 años;Mujeres;Rioja, La;202201
De 25 a 34 años;Mujeres;Rioja, La;202202
De 25 a 34 años;Mujeres;Rioja, La;202203
De 25 a 34 años;Mujeres;Rioja, La;202204
De 25 a 34 años;Mujeres;Rioja, La;202301
De 25 a 34 años;Mujeres;Rioja, La;202302
De 25 a 34 años;Mujeres;Rioja, La;202303
De 25 a 34 años;Mujeres;Rioja, La;202304
De 35 a 44 años;Hombres;Rioja, La;202201
De 35 a 44 años;Hombres;Rioja, La;202202
De 35 a 44 años;Hombres;Rioja, La;202203
De 35 a 44 años;Hombres;Rioja, La;202204
De 35 a 44 años;Hombres;Rioja, La;202301
De 35 a 44 años;Hombres;Rioja, La;202302
De 35 a 44 años;Hombres;Rioja, La;202303
De 35 a 44 años;Hombres;Rioja, La;202304
De 35 a 44 años;Mujeres;Rioja, La;202201
De 35 a 44 años;Mujeres;Rioja, La;202202
De 35 a 44 años;Mujeres;Rioja, La;202203
De 35 a 44 años;Mujeres;Rioja, La;202204
De 35 a 44 años;Mujeres;Rioja, La;202301
De 35 a 44 años;Mujeres;Rioja, La;202302
De 35 a 44 años;Mujeres;Rioja, La;202303
De 35 a 44 años;Mujeres;Rioja, La;202304
De 45 a 54 años;Hombres;Rioja, La;202201
De 45 a 54 años;Hombres;Rioja, La;202202
De 45 a 54 años;Hombres;Rioja, La;202203
De 45 a 54 años;Hombres;Rioja, La;202204
De 45 a 54 años;Hombres;Rioja, La;202301
De 45 a 54 años;Hombres;Rioja, La;202302
De 45 a 54 años;Hombres;Rioja, La;202303
De 45 a 54 años;Hombres;Rioja, La;202304
De 45 a 54 años;Mujeres;Rioja, La;202201
De 45 a 54 años;Mujeres;Rioja, La;202202
De 45 a 54 años;Mujeres;Rioja, La;202203
De 45 a 54 años;Mujeres;Rioja, La;202204
De 45 a 54 años;Mujeres;Rioja, La;202301
De 45 a 54 años;Mujeres;Rioja, La;202302
De 45 a 54 años;Mujeres;Rioja, La;202303
De 45 a 54 años;Mujeres;Rioja, La;202304
55 y más años;Hombres;Rioja, La;202201
55 y más años;Hombres;Rioja, La;202202
55 y más años;Hombres;Rioja, La;202203
55 y más años;Hombres;Rioja, La;202204
55 y más años;Hombres;Rioja, La;202301
55 y más años;Hombres;Rioja, La;202302
55 y más años;Hombres;Rioja, La;202303
55 y más años;Hombres;Rioja, La;202304
55 y más años;Mujeres;Rioja, La;202201
55 y más años;Mujeres;Rioja, La;202202
55 y más años;Mujeres;Rioja, La;202203
55 y más años;Mujeres;Rioja, La;202204
55 y más años;Mujeres;Rioja, La;202301
55 y más años;Mujeres;Rioja, La;202302
55 y más años;Mujeres;Rioja, La;202303
55 y más años;Mujeres;Rioja, La;202304
